--
-- Script was generated by Devart dbForge Studio 2019 for MySQL, Version 8.2.23.0
-- Product home page: http://www.devart.com/dbforge/mysql/studio
-- Script date 24.01.2020 16:03:05
-- Server version: 8.0.19
-- Client version: 4.1
--

-- 
-- Disable foreign keys
-- 
/*!40014 SET @OLD_FOREIGN_KEY_CHECKS=@@FOREIGN_KEY_CHECKS, FOREIGN_KEY_CHECKS=0 */;

-- 
-- Set SQL mode
-- 
/*!40101 SET @OLD_SQL_MODE=@@SQL_MODE, SQL_MODE='NO_AUTO_VALUE_ON_ZERO' */;

-- 
-- Set character set the client will use to send SQL statements to the server
--
SET NAMES 'utf8';

--
-- Set default database
--
USE forecast;

--
-- Drop table `weathers`
--
DROP TABLE IF EXISTS weathers;

--
-- Drop table `cities`
--
DROP TABLE IF EXISTS cities;

--
-- Drop table `weathertypes`
--
DROP TABLE IF EXISTS weathertypes;

--
-- Set default database
--
USE forecast;

--
-- Create table `weathertypes`
--
CREATE TABLE weathertypes (
  id INT NOT NULL AUTO_INCREMENT,
  name VARCHAR(64) NOT NULL,
  PRIMARY KEY (id)
)
ENGINE = INNODB,
AUTO_INCREMENT = 1317,
AVG_ROW_LENGTH = 3276,
CHARACTER SET utf8mb4,
COLLATE utf8mb4_0900_ai_ci;

--
-- Create index `name` on table `weathertypes`
--
ALTER TABLE weathertypes 
  ADD UNIQUE INDEX name(name);

--
-- Create table `cities`
--
CREATE TABLE cities (
  id INT NOT NULL AUTO_INCREMENT,
  name VARCHAR(64) NOT NULL,
  PRIMARY KEY (id)
)
ENGINE = INNODB,
AUTO_INCREMENT = 25,
AVG_ROW_LENGTH = 682,
CHARACTER SET utf8mb4,
COLLATE utf8mb4_0900_ai_ci;

--
-- Create index `name` on table `cities`
--
ALTER TABLE cities 
  ADD UNIQUE INDEX name(name);

--
-- Create table `weathers`
--
CREATE TABLE weathers (
  id INT NOT NULL AUTO_INCREMENT,
  created_on TIMESTAMP NULL DEFAULT CURRENT_TIMESTAMP,
  date TIMESTAMP NOT NULL,
  temperature DOUBLE NOT NULL,
  city_id INT NOT NULL,
  type_id INT DEFAULT NULL,
  PRIMARY KEY (id)
)
ENGINE = INNODB,
AUTO_INCREMENT = 1317,
AVG_ROW_LENGTH = 74,
CHARACTER SET utf8mb4,
COLLATE utf8mb4_0900_ai_ci;

--
-- Create foreign key
--
ALTER TABLE weathers 
  ADD CONSTRAINT weathers_ibfk_1 FOREIGN KEY (city_id)
    REFERENCES cities(id);

--
-- Create foreign key
--
ALTER TABLE weathers 
  ADD CONSTRAINT weathers_ibfk_2 FOREIGN KEY (type_id)
    REFERENCES weathertypes(id);

-- 
-- Dumping data for table weathertypes
--
INSERT INTO weathertypes VALUES
(2, 'clouds'),
(8, 'rain'),
(7, 'rainsnow'),
(1, 'snow'),
(17, 'sun');

-- 
-- Dumping data for table cities
--
INSERT INTO cities VALUES
(2, 'Барнаул'),
(1, 'Белгород'),
(22, 'Волгоград'),
(4, 'Воронеж'),
(3, 'Екатеринбург'),
(7, 'Казань'),
(5, 'Калининград'),
(9, 'Краснодар'),
(6, 'Красноярск'),
(11, 'Москва'),
(8, 'Нижний Новгород'),
(14, 'Новосибирск'),
(10, 'Омск'),
(16, 'Оренбург'),
(12, 'Пенза'),
(18, 'Пермь'),
(13, 'Ростов-на-Дону'),
(20, 'Самара'),
(15, 'Санкт-Петербург'),
(21, 'Саратов'),
(17, 'Тольятти'),
(23, 'Тюмень'),
(19, 'Уфа'),
(24, 'Челябинск');

-- 
-- Dumping data for table weathers
--
INSERT INTO weathers VALUES
(1, '2020-01-24 11:32:18', '2020-01-24 00:00:00', -7.1, 1, 1),
(2, '2020-01-24 11:32:18', '2020-01-24 06:00:00', -6, 1, 2),
(3, '2020-01-24 11:32:18', '2020-01-24 12:00:00', 0.1, 1, 1),
(4, '2020-01-24 11:32:18', '2020-01-24 18:00:00', -1, 1, 1),
(5, '2020-01-24 11:32:18', '2020-01-25 00:00:00', 1, 1, 1),
(6, '2020-01-24 11:32:18', '2020-01-25 06:00:00', 0.1, 1, 1),
(7, '2020-01-24 11:32:18', '2020-01-25 12:00:00', 2, 1, 7),
(8, '2020-01-24 11:32:18', '2020-01-25 18:00:00', 1, 1, 8),
(9, '2020-01-24 11:32:18', '2020-01-26 00:00:00', 2, 1, 1),
(10, '2020-01-24 11:32:18', '2020-01-26 06:00:00', -1, 1, 2),
(11, '2020-01-24 11:32:18', '2020-01-26 12:00:00', 2.6, 1, 2),
(12, '2020-01-24 11:32:18', '2020-01-26 18:00:00', 0, 1, 2),
(13, '2020-01-24 11:32:18', '2020-01-27 00:00:00', 0, 1, 2),
(14, '2020-01-24 11:32:18', '2020-01-27 06:00:00', -0.4, 1, 2),
(15, '2020-01-24 11:32:18', '2020-01-27 12:00:00', 4.2, 1, 2),
(16, '2020-01-24 11:32:18', '2020-01-27 18:00:00', 1, 1, 2),
(17, '2020-01-24 11:32:18', '2020-01-28 00:00:00', -1.5, 1, 17),
(18, '2020-01-24 11:32:18', '2020-01-28 06:00:00', 1, 1, 1),
(19, '2020-01-24 11:32:18', '2020-01-28 12:00:00', 1.2, 1, 7),
(20, '2020-01-24 11:32:18', '2020-01-28 18:00:00', 1, 1, 7),
(21, '2020-01-24 11:32:18', '2020-01-29 00:00:00', 0.4, 1, 1),
(22, '2020-01-24 11:32:18', '2020-01-29 06:00:00', 1, 1, 2),
(23, '2020-01-24 11:32:18', '2020-01-29 12:00:00', 3.1, 1, 8),
(24, '2020-01-24 11:32:18', '2020-01-29 18:00:00', 2, 1, 8),
(25, '2020-01-24 11:32:18', '2020-01-30 00:00:00', 1, 1, 7),
(26, '2020-01-24 11:32:18', '2020-01-30 06:00:00', 0, 1, 1),
(27, '2020-01-24 11:32:18', '2020-01-30 12:00:00', 2.9, 1, 2),
(28, '2020-01-24 11:32:18', '2020-01-30 18:00:00', -2.6, 1, 7),
(29, '2020-01-24 11:32:18', '2020-01-23 21:00:00', -2.3, 2, 1),
(30, '2020-01-24 11:32:18', '2020-01-24 03:00:00', -0.7, 2, 1),
(31, '2020-01-24 11:32:18', '2020-01-24 09:00:00', -1, 2, 2),
(32, '2020-01-24 11:32:18', '2020-01-24 15:00:00', -2, 2, 2),
(33, '2020-01-24 11:32:18', '2020-01-24 21:00:00', -4.1, 2, 2),
(34, '2020-01-24 11:32:18', '2020-01-25 03:00:00', -3, 2, 2),
(35, '2020-01-24 11:32:18', '2020-01-25 09:00:00', 0.2, 2, 1),
(36, '2020-01-24 11:32:18', '2020-01-25 15:00:00', -1, 2, 1),
(37, '2020-01-24 11:32:18', '2020-01-25 21:00:00', -3.2, 2, 1),
(38, '2020-01-24 11:32:18', '2020-01-26 03:00:00', -6, 2, 1),
(39, '2020-01-24 11:32:18', '2020-01-26 09:00:00', -9, 2, 2),
(40, '2020-01-24 11:32:18', '2020-01-26 15:00:00', -12.5, 2, 17),
(41, '2020-01-24 11:32:18', '2020-01-26 21:00:00', -13.6, 2, 17),
(42, '2020-01-24 11:32:18', '2020-01-27 03:00:00', -12, 2, 17),
(43, '2020-01-24 11:32:18', '2020-01-27 09:00:00', -6.1, 2, 2),
(44, '2020-01-24 11:32:18', '2020-01-27 15:00:00', -7, 2, 2),
(45, '2020-01-24 11:32:18', '2020-01-27 21:00:00', -3.5, 2, 1),
(46, '2020-01-24 11:32:18', '2020-01-28 03:00:00', -6, 2, 17),
(47, '2020-01-24 11:32:18', '2020-01-28 09:00:00', -6, 2, 1),
(48, '2020-01-24 11:32:18', '2020-01-28 15:00:00', -6.1, 2, 1),
(49, '2020-01-24 11:32:18', '2020-01-28 21:00:00', -5, 2, 1),
(50, '2020-01-24 11:32:18', '2020-01-29 03:00:00', -9, 2, 1),
(51, '2020-01-24 11:32:18', '2020-01-29 09:00:00', -13, 2, 1),
(52, '2020-01-24 11:32:18', '2020-01-29 15:00:00', -15, 2, 1),
(53, '2020-01-24 11:32:18', '2020-01-29 21:00:00', -16.1, 2, 1),
(54, '2020-01-24 11:32:18', '2020-01-30 03:00:00', -18, 2, 2),
(55, '2020-01-24 11:32:18', '2020-01-30 09:00:00', -20, 2, 17),
(56, '2020-01-24 11:32:18', '2020-01-30 15:00:00', -22, 2, 17),
(57, '2020-01-24 11:32:18', '2020-01-23 21:00:00', -5.4, 3, 1),
(58, '2020-01-24 11:32:18', '2020-01-24 03:00:00', -7, 3, 2),
(59, '2020-01-24 11:32:18', '2020-01-24 09:00:00', -8, 3, 1),
(60, '2020-01-24 11:32:18', '2020-01-24 15:00:00', -10.4, 3, 1),
(61, '2020-01-24 11:32:18', '2020-01-24 21:00:00', -12, 3, 2),
(62, '2020-01-24 11:32:18', '2020-01-25 03:00:00', -12.3, 3, 2),
(63, '2020-01-24 11:32:18', '2020-01-25 09:00:00', -9.6, 3, 1),
(64, '2020-01-24 11:32:18', '2020-01-25 15:00:00', -12, 3, 1),
(65, '2020-01-24 11:32:18', '2020-01-25 21:00:00', -10.1, 3, 1),
(66, '2020-01-24 11:32:18', '2020-01-26 03:00:00', -8, 3, 1),
(67, '2020-01-24 11:32:18', '2020-01-26 09:00:00', -6, 3, 2),
(68, '2020-01-24 11:32:18', '2020-01-26 15:00:00', -9, 3, 1),
(69, '2020-01-24 11:32:18', '2020-01-26 21:00:00', -9, 3, 1),
(70, '2020-01-24 11:32:18', '2020-01-27 03:00:00', -11, 3, 1),
(71, '2020-01-24 11:32:18', '2020-01-27 09:00:00', -12, 3, 1),
(72, '2020-01-24 11:32:18', '2020-01-27 15:00:00', -15.6, 3, 1),
(73, '2020-01-24 11:32:18', '2020-01-27 21:00:00', -16.3, 3, 1),
(74, '2020-01-24 11:32:18', '2020-01-28 03:00:00', -19, 3, 17),
(75, '2020-01-24 11:32:18', '2020-01-28 09:00:00', -18, 3, 17),
(76, '2020-01-24 11:32:18', '2020-01-28 15:00:00', -21.6, 3, 17),
(77, '2020-01-24 11:32:18', '2020-01-28 21:00:00', -22.7, 3, 2),
(78, '2020-01-24 11:32:18', '2020-01-29 03:00:00', -22, 3, 2),
(79, '2020-01-24 11:32:18', '2020-01-29 09:00:00', -17.3, 3, 2),
(80, '2020-01-24 11:32:18', '2020-01-29 15:00:00', -19, 3, 2),
(81, '2020-01-24 11:32:18', '2020-01-29 21:00:00', -17.8, 3, 1),
(82, '2020-01-24 11:32:18', '2020-01-30 03:00:00', -16, 3, 1),
(83, '2020-01-24 11:32:18', '2020-01-30 09:00:00', -12.1, 3, 1),
(84, '2020-01-24 11:32:18', '2020-01-30 15:00:00', -13, 3, 1),
(85, '2020-01-24 11:32:18', '2020-01-24 00:00:00', -7, 4, 17),
(86, '2020-01-24 11:32:18', '2020-01-24 06:00:00', -8, 4, 17),
(87, '2020-01-24 11:32:18', '2020-01-24 12:00:00', -3, 4, 1),
(88, '2020-01-24 11:32:18', '2020-01-24 18:00:00', -0.7, 4, 1),
(89, '2020-01-24 11:32:18', '2020-01-25 00:00:00', 0.1, 4, 7),
(90, '2020-01-24 11:32:18', '2020-01-25 06:00:00', 1, 4, 7),
(91, '2020-01-24 11:32:18', '2020-01-25 12:00:00', 1.7, 4, 8),
(92, '2020-01-24 11:32:18', '2020-01-25 18:00:00', 2, 4, 8),
(93, '2020-01-24 11:32:18', '2020-01-26 00:00:00', 1.3, 4, 7),
(94, '2020-01-24 11:32:18', '2020-01-26 06:00:00', -1, 4, 2),
(95, '2020-01-24 11:32:18', '2020-01-26 12:00:00', 1, 4, 17),
(96, '2020-01-24 11:32:19', '2020-01-26 18:00:00', -2.2, 4, 17),
(97, '2020-01-24 11:32:19', '2020-01-27 00:00:00', -1.1, 4, 2),
(98, '2020-01-24 11:32:19', '2020-01-27 06:00:00', 0, 4, 2),
(99, '2020-01-24 11:32:19', '2020-01-27 12:00:00', 1.7, 4, 2),
(100, '2020-01-24 11:32:19', '2020-01-27 18:00:00', 1, 4, 2),
(101, '2020-01-24 11:32:19', '2020-01-28 00:00:00', -1, 4, 2),
(102, '2020-01-24 11:32:19', '2020-01-28 06:00:00', -2.1, 4, 2),
(103, '2020-01-24 11:32:19', '2020-01-28 12:00:00', 1, 4, 7),
(104, '2020-01-24 11:32:19', '2020-01-28 18:00:00', 0, 4, 7),
(105, '2020-01-24 11:32:19', '2020-01-29 00:00:00', -0.8, 4, 1),
(106, '2020-01-24 11:32:19', '2020-01-29 06:00:00', 0, 4, 2),
(107, '2020-01-24 11:32:19', '2020-01-29 12:00:00', 1.8, 4, 8),
(108, '2020-01-24 11:32:19', '2020-01-29 18:00:00', 1, 4, 7),
(109, '2020-01-24 11:32:19', '2020-01-30 00:00:00', 1, 4, 1),
(110, '2020-01-24 11:32:19', '2020-01-30 06:00:00', -1, 4, 1),
(111, '2020-01-24 11:32:19', '2020-01-30 12:00:00', 1.5, 4, 2),
(112, '2020-01-24 11:32:19', '2020-01-30 18:00:00', -1.5, 4, 2),
(113, '2020-01-24 11:32:19', '2020-01-24 00:00:00', 3.5, 5, 8),
(114, '2020-01-24 11:32:19', '2020-01-24 06:00:00', 5, 5, 8),
(115, '2020-01-24 11:32:19', '2020-01-24 12:00:00', 5, 5, 8),
(116, '2020-01-24 11:32:19', '2020-01-24 18:00:00', 5.4, 5, 8),
(117, '2020-01-24 11:32:19', '2020-01-25 00:00:00', 5.7, 5, 8),
(118, '2020-01-24 11:32:19', '2020-01-25 06:00:00', 5, 5, 8),
(119, '2020-01-24 11:32:19', '2020-01-25 12:00:00', 5, 5, 8),
(120, '2020-01-24 11:32:19', '2020-01-25 18:00:00', 4, 5, 8),
(121, '2020-01-24 11:32:19', '2020-01-26 00:00:00', 4, 5, 8),
(122, '2020-01-24 11:32:19', '2020-01-26 06:00:00', 2.9, 5, 2),
(123, '2020-01-24 11:32:19', '2020-01-26 12:00:00', 4.7, 5, 2),
(124, '2020-01-24 11:32:19', '2020-01-26 18:00:00', 4, 5, 8),
(125, '2020-01-24 11:32:19', '2020-01-27 00:00:00', 4, 5, 8),
(126, '2020-01-24 11:32:19', '2020-01-27 06:00:00', 3, 5, 2),
(127, '2020-01-24 11:32:19', '2020-01-27 12:00:00', 2.3, 5, 2),
(128, '2020-01-24 11:32:19', '2020-01-27 18:00:00', 3.9, 5, 8),
(129, '2020-01-24 11:32:19', '2020-01-28 00:00:00', 4, 5, 8),
(130, '2020-01-24 11:32:19', '2020-01-28 06:00:00', 3, 5, 8),
(131, '2020-01-24 11:32:19', '2020-01-28 12:00:00', 4.7, 5, 2),
(132, '2020-01-24 11:32:19', '2020-01-28 18:00:00', 2, 5, 8),
(133, '2020-01-24 11:32:19', '2020-01-29 00:00:00', 4, 5, 8),
(134, '2020-01-24 11:32:19', '2020-01-29 06:00:00', 1.6, 5, 8),
(135, '2020-01-24 11:32:19', '2020-01-29 12:00:00', 3.7, 5, 8),
(136, '2020-01-24 11:32:19', '2020-01-29 18:00:00', 3, 5, 8),
(137, '2020-01-24 11:32:19', '2020-01-30 00:00:00', 3, 5, 8),
(138, '2020-01-24 11:32:19', '2020-01-30 06:00:00', 4, 5, 8),
(139, '2020-01-24 11:32:19', '2020-01-30 12:00:00', 5.1, 5, 8),
(140, '2020-01-24 11:32:19', '2020-01-30 18:00:00', 2, 5, 8),
(141, '2020-01-24 11:32:19', '2020-01-23 21:00:00', -6.6, 6, 2),
(142, '2020-01-24 11:32:19', '2020-01-24 03:00:00', -2, 6, 2),
(143, '2020-01-24 11:32:19', '2020-01-24 09:00:00', -0.7, 6, 1),
(144, '2020-01-24 11:32:19', '2020-01-24 15:00:00', -1, 6, 1),
(145, '2020-01-24 11:32:19', '2020-01-24 21:00:00', -1, 6, 2),
(146, '2020-01-24 11:32:19', '2020-01-25 03:00:00', -2, 6, 2),
(147, '2020-01-24 11:32:19', '2020-01-25 09:00:00', 0, 6, 2),
(148, '2020-01-24 11:32:19', '2020-01-25 15:00:00', 0.2, 6, 2),
(149, '2020-01-24 11:32:19', '2020-01-25 21:00:00', -0.5, 6, 17),
(150, '2020-01-24 11:32:19', '2020-01-26 03:00:00', -3, 6, 2),
(151, '2020-01-24 11:32:19', '2020-01-26 09:00:00', -3, 6, 1),
(152, '2020-01-24 11:32:19', '2020-01-26 15:00:00', -11.4, 6, 17),
(153, '2020-01-24 11:32:19', '2020-01-26 21:00:00', -13, 6, 17),
(154, '2020-01-24 11:32:19', '2020-01-27 03:00:00', -13.6, 6, 17),
(155, '2020-01-24 11:32:19', '2020-01-27 09:00:00', -6, 6, 17),
(156, '2020-01-24 11:32:19', '2020-01-27 15:00:00', -13, 6, 17),
(157, '2020-01-24 11:32:19', '2020-01-27 21:00:00', -11.9, 6, 17),
(158, '2020-01-24 11:32:19', '2020-01-28 03:00:00', -7, 6, 17),
(159, '2020-01-24 11:32:19', '2020-01-28 09:00:00', -3, 6, 2),
(160, '2020-01-24 11:32:19', '2020-01-28 15:00:00', -5, 6, 1),
(161, '2020-01-24 11:32:19', '2020-01-28 21:00:00', -7, 6, 1),
(162, '2020-01-24 11:32:19', '2020-01-29 03:00:00', -9, 6, 1),
(163, '2020-01-24 11:32:19', '2020-01-29 09:00:00', -4.3, 6, 1),
(164, '2020-01-24 11:32:19', '2020-01-29 15:00:00', -9.4, 6, 1),
(165, '2020-01-24 11:32:19', '2020-01-29 21:00:00', -10.9, 6, 1),
(166, '2020-01-24 11:32:19', '2020-01-30 03:00:00', -14, 6, 1),
(167, '2020-01-24 11:32:19', '2020-01-30 09:00:00', -15, 6, 1),
(168, '2020-01-24 11:32:19', '2020-01-30 15:00:00', -19, 6, 2),
(169, '2020-01-24 11:32:19', '2020-01-24 00:00:00', -5.3, 7, 1),
(170, '2020-01-24 11:32:19', '2020-01-24 06:00:00', -7, 7, 7),
(171, '2020-01-24 11:32:19', '2020-01-24 12:00:00', -7, 7, 2),
(172, '2020-01-24 11:32:19', '2020-01-24 18:00:00', -8.3, 7, 1),
(173, '2020-01-24 11:32:19', '2020-01-25 00:00:00', -6.3, 7, 1),
(174, '2020-01-24 11:32:19', '2020-01-25 06:00:00', -4, 7, 1),
(175, '2020-01-24 11:32:19', '2020-01-25 12:00:00', -1.2, 7, 1),
(176, '2020-01-24 11:32:19', '2020-01-25 18:00:00', -3, 7, 1),
(177, '2020-01-24 11:32:19', '2020-01-26 00:00:00', -3.9, 7, 1),
(178, '2020-01-24 11:32:19', '2020-01-26 06:00:00', -4, 7, 1),
(179, '2020-01-24 11:32:19', '2020-01-26 12:00:00', -6, 7, 1),
(180, '2020-01-24 11:32:19', '2020-01-26 18:00:00', -7.2, 7, 1),
(181, '2020-01-24 11:32:19', '2020-01-27 00:00:00', -7.4, 7, 1),
(182, '2020-01-24 11:32:19', '2020-01-27 06:00:00', -8, 7, 1),
(183, '2020-01-24 11:32:19', '2020-01-27 12:00:00', -10, 7, 1),
(184, '2020-01-24 11:32:19', '2020-01-27 18:00:00', -19.7, 7, 17),
(185, '2020-01-24 11:32:19', '2020-01-28 00:00:00', -23, 7, 17),
(186, '2020-01-24 11:32:19', '2020-01-28 06:00:00', -25.3, 7, 17),
(187, '2020-01-24 11:32:19', '2020-01-28 12:00:00', -20, 7, 2),
(188, '2020-01-24 11:32:19', '2020-01-28 18:00:00', -15.3, 7, 1),
(189, '2020-01-24 11:32:19', '2020-01-29 00:00:00', -13.3, 7, 1),
(190, '2020-01-24 11:32:19', '2020-01-29 06:00:00', -10, 7, 1),
(191, '2020-01-24 11:32:19', '2020-01-29 12:00:00', -7, 7, 1),
(192, '2020-01-24 11:32:19', '2020-01-29 18:00:00', -4.9, 7, 1),
(193, '2020-01-24 11:32:19', '2020-01-30 00:00:00', -5.4, 7, 1),
(194, '2020-01-24 11:32:19', '2020-01-30 06:00:00', -5, 7, 1),
(195, '2020-01-24 11:32:19', '2020-01-30 12:00:00', -3, 7, 1),
(196, '2020-01-24 11:32:19', '2020-01-30 18:00:00', -0.2, 7, 1),
(197, '2020-01-24 11:32:19', '2020-01-24 00:00:00', -8, 8, 1),
(198, '2020-01-24 11:32:19', '2020-01-24 06:00:00', -10.4, 8, 1),
(199, '2020-01-24 11:32:19', '2020-01-24 12:00:00', -6, 8, 1),
(200, '2020-01-24 11:32:19', '2020-01-24 18:00:00', -2.3, 8, 1),
(201, '2020-01-24 11:32:19', '2020-01-25 00:00:00', -1, 8, 1),
(202, '2020-01-24 11:32:19', '2020-01-25 06:00:00', -0.1, 8, 1),
(203, '2020-01-24 11:32:19', '2020-01-25 12:00:00', -1, 8, 1),
(204, '2020-01-24 11:32:19', '2020-01-25 18:00:00', -1.6, 8, 1),
(205, '2020-01-24 11:32:19', '2020-01-26 00:00:00', -2.7, 8, 1),
(206, '2020-01-24 11:32:19', '2020-01-26 06:00:00', -4, 8, 1),
(207, '2020-01-24 11:32:19', '2020-01-26 12:00:00', -4.8, 8, 1),
(208, '2020-01-24 11:32:19', '2020-01-26 18:00:00', -4, 8, 1),
(209, '2020-01-24 11:32:19', '2020-01-27 00:00:00', -5, 8, 1),
(210, '2020-01-24 11:32:19', '2020-01-27 06:00:00', -1.6, 8, 1),
(211, '2020-01-24 11:32:19', '2020-01-27 12:00:00', -9, 8, 17),
(212, '2020-01-24 11:32:19', '2020-01-27 18:00:00', -19.3, 8, 17),
(213, '2020-01-24 11:32:19', '2020-01-28 00:00:00', -21.6, 8, 17),
(214, '2020-01-24 11:32:19', '2020-01-28 06:00:00', -20, 8, 2),
(215, '2020-01-24 11:32:19', '2020-01-28 12:00:00', -14, 8, 1),
(216, '2020-01-24 11:32:19', '2020-01-28 18:00:00', -8.2, 8, 1),
(217, '2020-01-24 11:32:19', '2020-01-29 00:00:00', -4.7, 8, 1),
(218, '2020-01-24 11:32:19', '2020-01-29 06:00:00', -1, 8, 1),
(219, '2020-01-24 11:32:19', '2020-01-29 12:00:00', 0.2, 8, 1),
(220, '2020-01-24 11:32:19', '2020-01-29 18:00:00', 0, 8, 1),
(221, '2020-01-24 11:32:19', '2020-01-30 00:00:00', -0.1, 8, 1),
(222, '2020-01-24 11:32:19', '2020-01-30 06:00:00', 0, 8, 1),
(223, '2020-01-24 11:32:19', '2020-01-30 12:00:00', 0.6, 8, 1),
(224, '2020-01-24 11:32:19', '2020-01-30 18:00:00', 0, 8, 1),
(225, '2020-01-24 11:32:19', '2020-01-24 00:00:00', 0, 9, 17),
(226, '2020-01-24 11:32:20', '2020-01-24 06:00:00', -1, 9, 1),
(227, '2020-01-24 11:32:20', '2020-01-24 12:00:00', 1.2, 9, 2),
(228, '2020-01-24 11:32:20', '2020-01-24 18:00:00', -2.1, 9, 17),
(229, '2020-01-24 11:32:20', '2020-01-25 00:00:00', -1.1, 9, 2),
(230, '2020-01-24 11:32:20', '2020-01-25 06:00:00', 5, 9, 2),
(231, '2020-01-24 11:32:20', '2020-01-25 12:00:00', 8.3, 9, 2),
(232, '2020-01-24 11:32:20', '2020-01-25 18:00:00', 6, 9, 17),
(233, '2020-01-24 11:32:20', '2020-01-26 00:00:00', 7, 9, 8),
(234, '2020-01-24 11:32:20', '2020-01-26 06:00:00', 4, 9, 2),
(235, '2020-01-24 11:32:20', '2020-01-26 12:00:00', 6.9, 9, 2),
(236, '2020-01-24 11:32:20', '2020-01-26 18:00:00', -0.2, 9, 17),
(237, '2020-01-24 11:32:20', '2020-01-27 00:00:00', -1, 9, 17),
(238, '2020-01-24 11:32:20', '2020-01-27 06:00:00', -1.2, 9, 17),
(239, '2020-01-24 11:32:20', '2020-01-27 12:00:00', 9.6, 9, 2),
(240, '2020-01-24 11:32:20', '2020-01-27 18:00:00', 6, 9, 2),
(241, '2020-01-24 11:32:20', '2020-01-28 00:00:00', 3.9, 9, 2),
(242, '2020-01-24 11:32:20', '2020-01-28 06:00:00', 8, 9, 8),
(243, '2020-01-24 11:32:20', '2020-01-28 12:00:00', 9.2, 9, 8),
(244, '2020-01-24 11:32:20', '2020-01-28 18:00:00', 8, 9, 8),
(245, '2020-01-24 11:32:20', '2020-01-29 00:00:00', 6, 9, 8),
(246, '2020-01-24 11:32:20', '2020-01-29 06:00:00', 4.4, 9, 8),
(247, '2020-01-24 11:32:20', '2020-01-29 12:00:00', 10, 9, 2),
(248, '2020-01-24 11:32:20', '2020-01-29 18:00:00', 9, 9, 2),
(249, '2020-01-24 11:32:20', '2020-01-30 00:00:00', 7.7, 9, 8),
(250, '2020-01-24 11:32:20', '2020-01-30 06:00:00', 7, 9, 8),
(251, '2020-01-24 11:32:20', '2020-01-30 12:00:00', 7, 9, 8),
(252, '2020-01-24 11:32:20', '2020-01-30 18:00:00', 7, 9, 8),
(253, '2020-01-24 11:32:20', '2020-01-23 21:00:00', -1, 10, 1),
(254, '2020-01-24 11:32:20', '2020-01-24 03:00:00', -2, 10, 1),
(255, '2020-01-24 11:32:20', '2020-01-24 09:00:00', -0.4, 10, 1),
(256, '2020-01-24 11:32:20', '2020-01-24 15:00:00', -3.8, 10, 1),
(257, '2020-01-24 11:32:20', '2020-01-24 21:00:00', -1.7, 10, 1),
(258, '2020-01-24 11:32:20', '2020-01-25 03:00:00', -5, 10, 1),
(259, '2020-01-24 11:32:20', '2020-01-25 09:00:00', -8, 10, 1),
(260, '2020-01-24 11:32:20', '2020-01-25 15:00:00', -9.6, 10, 2),
(261, '2020-01-24 11:32:20', '2020-01-25 21:00:00', -13, 10, 17),
(262, '2020-01-24 11:32:20', '2020-01-26 03:00:00', -13.2, 10, 2),
(263, '2020-01-24 11:32:20', '2020-01-26 09:00:00', -9, 10, 1),
(264, '2020-01-24 11:32:20', '2020-01-26 15:00:00', -6.4, 10, 1),
(265, '2020-01-24 11:32:20', '2020-01-26 21:00:00', -6.1, 10, 1),
(266, '2020-01-24 11:32:20', '2020-01-27 03:00:00', -5, 10, 1),
(267, '2020-01-24 11:32:20', '2020-01-27 09:00:00', -2.3, 10, 1),
(268, '2020-01-24 11:32:20', '2020-01-27 15:00:00', -4, 10, 1),
(269, '2020-01-24 11:32:20', '2020-01-27 21:00:00', -6.9, 10, 1),
(270, '2020-01-24 11:32:20', '2020-01-28 03:00:00', -9, 10, 1),
(271, '2020-01-24 11:32:20', '2020-01-28 09:00:00', -11, 10, 1),
(272, '2020-01-24 11:32:20', '2020-01-28 15:00:00', -13, 10, 2),
(273, '2020-01-24 11:32:20', '2020-01-28 21:00:00', -15.7, 10, 1),
(274, '2020-01-24 11:32:20', '2020-01-29 03:00:00', -19, 10, 1),
(275, '2020-01-24 11:32:20', '2020-01-29 09:00:00', -18, 10, 17),
(276, '2020-01-24 11:32:20', '2020-01-29 15:00:00', -22.2, 10, 17),
(277, '2020-01-24 11:32:20', '2020-01-29 21:00:00', -23.7, 10, 2),
(278, '2020-01-24 11:32:20', '2020-01-30 03:00:00', -22, 10, 2),
(279, '2020-01-24 11:32:20', '2020-01-30 09:00:00', -19, 10, 2),
(280, '2020-01-24 11:32:20', '2020-01-30 15:00:00', -16.6, 10, 2),
(281, '2020-01-24 11:32:20', '2020-01-24 00:00:00', -5.8, 11, 17),
(282, '2020-01-24 11:32:20', '2020-01-24 06:00:00', -5, 11, 2),
(283, '2020-01-24 11:32:20', '2020-01-24 12:00:00', -1, 11, 1),
(284, '2020-01-24 11:32:20', '2020-01-24 18:00:00', 1.7, 11, 7),
(285, '2020-01-24 11:32:20', '2020-01-25 00:00:00', 2.3, 11, 8),
(286, '2020-01-24 11:32:20', '2020-01-25 06:00:00', 1, 11, 1),
(287, '2020-01-24 11:32:20', '2020-01-25 12:00:00', 2, 11, 1),
(288, '2020-01-24 11:32:20', '2020-01-25 18:00:00', -1.3, 11, 1),
(289, '2020-01-24 11:32:20', '2020-01-26 00:00:00', -2.2, 11, 1),
(290, '2020-01-24 11:32:20', '2020-01-26 06:00:00', -2, 11, 2),
(291, '2020-01-24 11:32:20', '2020-01-26 12:00:00', -1, 11, 2),
(292, '2020-01-24 11:32:20', '2020-01-26 18:00:00', 0.3, 11, 1),
(293, '2020-01-24 11:32:20', '2020-01-27 00:00:00', 2, 11, 7),
(294, '2020-01-24 11:32:20', '2020-01-27 06:00:00', 2.2, 11, 8),
(295, '2020-01-24 11:32:20', '2020-01-27 12:00:00', 1, 11, 7),
(296, '2020-01-24 11:32:20', '2020-01-27 18:00:00', -2.1, 11, 1),
(297, '2020-01-24 11:32:20', '2020-01-28 00:00:00', -2.3, 11, 1),
(298, '2020-01-24 11:32:20', '2020-01-28 06:00:00', -1, 11, 1),
(299, '2020-01-24 11:32:20', '2020-01-28 12:00:00', 0.8, 11, 1),
(300, '2020-01-24 11:32:20', '2020-01-28 18:00:00', 0, 11, 1),
(301, '2020-01-24 11:32:20', '2020-01-29 00:00:00', -0.3, 11, 1),
(302, '2020-01-24 11:32:20', '2020-01-29 06:00:00', 0, 11, 1),
(303, '2020-01-24 11:32:20', '2020-01-29 12:00:00', 1.1, 11, 1),
(304, '2020-01-24 11:32:20', '2020-01-29 18:00:00', 1, 11, 1),
(305, '2020-01-24 11:32:20', '2020-01-30 00:00:00', 0.7, 11, 1),
(306, '2020-01-24 11:32:20', '2020-01-30 06:00:00', -1, 11, 2),
(307, '2020-01-24 11:32:20', '2020-01-30 12:00:00', 0, 11, 2),
(308, '2020-01-24 11:32:20', '2020-01-30 18:00:00', -3.2, 11, 2),
(309, '2020-01-24 11:32:20', '2020-01-24 00:00:00', -9, 12, 1),
(310, '2020-01-24 11:32:20', '2020-01-24 06:00:00', -12.4, 12, 1),
(311, '2020-01-24 11:32:20', '2020-01-24 12:00:00', -10, 12, 2),
(312, '2020-01-24 11:32:20', '2020-01-24 18:00:00', -5.6, 12, 1),
(313, '2020-01-24 11:32:20', '2020-01-25 00:00:00', -3.2, 12, 1),
(314, '2020-01-24 11:32:20', '2020-01-25 06:00:00', 1, 12, 1),
(315, '2020-01-24 11:32:20', '2020-01-25 12:00:00', 2.1, 12, 7),
(316, '2020-01-24 11:32:20', '2020-01-25 18:00:00', 1, 12, 1),
(317, '2020-01-24 11:32:20', '2020-01-26 00:00:00', -0.2, 12, 1),
(318, '2020-01-24 11:32:20', '2020-01-26 06:00:00', -3, 12, 1),
(319, '2020-01-24 11:32:20', '2020-01-26 12:00:00', -3, 12, 1),
(320, '2020-01-24 11:32:20', '2020-01-26 18:00:00', -5.3, 12, 1),
(321, '2020-01-24 11:32:20', '2020-01-27 00:00:00', -5, 12, 1),
(322, '2020-01-24 11:32:20', '2020-01-27 06:00:00', -1, 12, 1),
(323, '2020-01-24 11:32:20', '2020-01-27 12:00:00', 1.4, 12, 1),
(324, '2020-01-24 11:32:20', '2020-01-27 18:00:00', -1, 12, 1),
(325, '2020-01-24 11:32:20', '2020-01-28 00:00:00', -4.7, 12, 1),
(326, '2020-01-24 11:32:20', '2020-01-28 06:00:00', -4, 12, 1),
(327, '2020-01-24 11:32:20', '2020-01-28 12:00:00', -2.2, 12, 1),
(328, '2020-01-24 11:32:20', '2020-01-28 18:00:00', -2, 12, 1),
(329, '2020-01-24 11:32:20', '2020-01-29 00:00:00', -1.6, 12, 1),
(330, '2020-01-24 11:32:20', '2020-01-29 06:00:00', -1, 12, 1),
(331, '2020-01-24 11:32:20', '2020-01-29 12:00:00', 0.4, 12, 1),
(332, '2020-01-24 11:32:20', '2020-01-29 18:00:00', 0, 12, 1),
(333, '2020-01-24 11:32:20', '2020-01-30 00:00:00', 0, 12, 2),
(334, '2020-01-24 11:32:20', '2020-01-30 06:00:00', 1, 12, 1),
(335, '2020-01-24 11:32:20', '2020-01-30 12:00:00', 1, 12, 1),
(336, '2020-01-24 11:32:20', '2020-01-30 18:00:00', -0.7, 12, 2),
(337, '2020-01-24 11:32:20', '2020-01-24 00:00:00', -2, 13, 2),
(338, '2020-01-24 11:32:20', '2020-01-24 06:00:00', -4.1, 13, 17),
(339, '2020-01-24 11:32:20', '2020-01-24 12:00:00', -0.4, 13, 17),
(340, '2020-01-24 11:32:20', '2020-01-24 18:00:00', -3, 13, 17),
(341, '2020-01-24 11:32:20', '2020-01-25 00:00:00', -0.9, 13, 2),
(342, '2020-01-24 11:32:20', '2020-01-25 06:00:00', 2, 13, 7),
(343, '2020-01-24 11:32:20', '2020-01-25 12:00:00', 5.2, 13, 2),
(344, '2020-01-24 11:32:20', '2020-01-25 18:00:00', 3, 13, 17),
(345, '2020-01-24 11:32:20', '2020-01-26 00:00:00', 1, 13, 8),
(346, '2020-01-24 11:32:20', '2020-01-26 06:00:00', 2, 13, 2),
(347, '2020-01-24 11:32:20', '2020-01-26 12:00:00', 3.8, 13, 2),
(348, '2020-01-24 11:32:20', '2020-01-26 18:00:00', 0.4, 13, 2),
(349, '2020-01-24 11:32:20', '2020-01-27 00:00:00', -0.6, 13, 2),
(350, '2020-01-24 11:32:20', '2020-01-27 06:00:00', 0, 13, 2),
(351, '2020-01-24 11:32:20', '2020-01-27 12:00:00', 5, 13, 17),
(352, '2020-01-24 11:32:20', '2020-01-27 18:00:00', 3, 13, 2),
(353, '2020-01-24 11:32:20', '2020-01-28 00:00:00', 2, 13, 2),
(354, '2020-01-24 11:32:20', '2020-01-28 06:00:00', 3, 13, 8),
(355, '2020-01-24 11:32:20', '2020-01-28 12:00:00', 5.9, 13, 8),
(356, '2020-01-24 11:32:21', '2020-01-28 18:00:00', 6, 13, 8),
(357, '2020-01-24 11:32:21', '2020-01-29 00:00:00', 4, 13, 8),
(358, '2020-01-24 11:32:21', '2020-01-29 06:00:00', 2.9, 13, 2),
(359, '2020-01-24 11:32:21', '2020-01-29 12:00:00', 6.1, 13, 2),
(360, '2020-01-24 11:32:21', '2020-01-29 18:00:00', 6, 13, 8),
(361, '2020-01-24 11:32:21', '2020-01-30 00:00:00', 6, 13, 8),
(362, '2020-01-24 11:32:21', '2020-01-30 06:00:00', 4, 13, 8),
(363, '2020-01-24 11:32:21', '2020-01-30 12:00:00', 7.1, 13, 2),
(364, '2020-01-24 11:32:21', '2020-01-30 18:00:00', 2, 13, 8),
(365, '2020-01-24 11:32:21', '2020-01-23 21:00:00', -2.4, 14, 1),
(366, '2020-01-24 11:32:21', '2020-01-24 03:00:00', -2, 14, 1),
(367, '2020-01-24 11:32:21', '2020-01-24 09:00:00', -1, 14, 1),
(368, '2020-01-24 11:32:21', '2020-01-24 15:00:00', -0.6, 14, 1),
(369, '2020-01-24 11:32:21', '2020-01-24 21:00:00', -1, 14, 1),
(370, '2020-01-24 11:32:21', '2020-01-25 03:00:00', -2, 14, 1),
(371, '2020-01-24 11:32:21', '2020-01-25 09:00:00', -0.2, 14, 1),
(372, '2020-01-24 11:32:21', '2020-01-25 15:00:00', -3.5, 14, 1),
(373, '2020-01-24 11:32:21', '2020-01-25 21:00:00', -4.9, 14, 1),
(374, '2020-01-24 11:32:21', '2020-01-26 03:00:00', -10, 14, 2),
(375, '2020-01-24 11:32:21', '2020-01-26 09:00:00', -9, 14, 1),
(376, '2020-01-24 11:32:21', '2020-01-26 15:00:00', -11.6, 14, 17),
(377, '2020-01-24 11:32:21', '2020-01-26 21:00:00', -12.3, 14, 2),
(378, '2020-01-24 11:32:21', '2020-01-27 03:00:00', -12, 14, 2),
(379, '2020-01-24 11:32:21', '2020-01-27 09:00:00', -10, 14, 1),
(380, '2020-01-24 11:32:21', '2020-01-27 15:00:00', -7, 14, 1),
(381, '2020-01-24 11:32:21', '2020-01-27 21:00:00', -4.4, 14, 1),
(382, '2020-01-24 11:32:21', '2020-01-28 03:00:00', -5, 14, 1),
(383, '2020-01-24 11:32:21', '2020-01-28 09:00:00', -6, 14, 1),
(384, '2020-01-24 11:32:21', '2020-01-28 15:00:00', -8.2, 14, 1),
(385, '2020-01-24 11:32:21', '2020-01-28 21:00:00', -6.3, 14, 1),
(386, '2020-01-24 11:32:21', '2020-01-29 03:00:00', -9, 14, 1),
(387, '2020-01-24 11:32:21', '2020-01-29 09:00:00', -13, 14, 1),
(388, '2020-01-24 11:32:21', '2020-01-29 15:00:00', -16.6, 14, 1),
(389, '2020-01-24 11:32:21', '2020-01-29 21:00:00', -17.5, 14, 1),
(390, '2020-01-24 11:32:21', '2020-01-30 03:00:00', -19, 14, 2),
(391, '2020-01-24 11:32:21', '2020-01-30 09:00:00', -21, 14, 17),
(392, '2020-01-24 11:32:21', '2020-01-30 15:00:00', -23.8, 14, 17),
(393, '2020-01-24 11:32:21', '2020-01-24 00:00:00', 0.5, 15, 1),
(394, '2020-01-24 11:32:21', '2020-01-24 06:00:00', 2, 15, 7),
(395, '2020-01-24 11:32:21', '2020-01-24 12:00:00', 2.8, 15, 8),
(396, '2020-01-24 11:32:21', '2020-01-24 18:00:00', 1, 15, 7),
(397, '2020-01-24 11:32:21', '2020-01-25 00:00:00', 1, 15, 17),
(398, '2020-01-24 11:32:21', '2020-01-25 06:00:00', 1.2, 15, 1),
(399, '2020-01-24 11:32:21', '2020-01-25 12:00:00', 1, 15, 1),
(400, '2020-01-24 11:32:21', '2020-01-25 18:00:00', -1.7, 15, 17),
(401, '2020-01-24 11:32:21', '2020-01-26 00:00:00', -1.7, 15, 17),
(402, '2020-01-24 11:32:21', '2020-01-26 06:00:00', -1, 15, 1),
(403, '2020-01-24 11:32:21', '2020-01-26 12:00:00', 2.8, 15, 7),
(404, '2020-01-24 11:32:21', '2020-01-26 18:00:00', 3, 15, 8),
(405, '2020-01-24 11:32:21', '2020-01-27 00:00:00', -0.9, 15, 2),
(406, '2020-01-24 11:32:21', '2020-01-27 06:00:00', -4, 15, 2),
(407, '2020-01-24 11:32:21', '2020-01-27 12:00:00', -5, 15, 2),
(408, '2020-01-24 11:32:21', '2020-01-27 18:00:00', -6.1, 15, 1),
(409, '2020-01-24 11:32:21', '2020-01-28 00:00:00', -3.9, 15, 1),
(410, '2020-01-24 11:32:21', '2020-01-28 06:00:00', -3, 15, 1),
(411, '2020-01-24 11:32:21', '2020-01-28 12:00:00', 0.6, 15, 1),
(412, '2020-01-24 11:32:21', '2020-01-28 18:00:00', 0, 15, 1),
(413, '2020-01-24 11:32:21', '2020-01-29 00:00:00', 1, 15, 1),
(414, '2020-01-24 11:32:21', '2020-01-29 06:00:00', -0.4, 15, 1),
(415, '2020-01-24 11:32:21', '2020-01-29 12:00:00', 1.1, 15, 1),
(416, '2020-01-24 11:32:21', '2020-01-29 18:00:00', 1, 15, 2),
(417, '2020-01-24 11:32:21', '2020-01-30 00:00:00', 0.1, 15, 1),
(418, '2020-01-24 11:32:21', '2020-01-30 06:00:00', -1, 15, 1),
(419, '2020-01-24 11:32:21', '2020-01-30 12:00:00', -1, 15, 1),
(420, '2020-01-24 11:32:21', '2020-01-30 18:00:00', -1.7, 15, 2),
(421, '2020-01-24 11:32:21', '2020-01-23 21:00:00', -3.9, 16, 1),
(422, '2020-01-24 11:32:21', '2020-01-24 03:00:00', -7, 16, 1),
(423, '2020-01-24 11:32:21', '2020-01-24 09:00:00', -7, 16, 1),
(424, '2020-01-24 11:32:21', '2020-01-24 15:00:00', -9.4, 16, 2),
(425, '2020-01-24 11:32:21', '2020-01-24 21:00:00', -11.5, 16, 1),
(426, '2020-01-24 11:32:21', '2020-01-25 03:00:00', -10, 16, 1),
(427, '2020-01-24 11:32:21', '2020-01-25 09:00:00', -7, 16, 1),
(428, '2020-01-24 11:32:21', '2020-01-25 15:00:00', -2.7, 16, 1),
(429, '2020-01-24 11:32:21', '2020-01-25 21:00:00', -2, 16, 1),
(430, '2020-01-24 11:32:21', '2020-01-26 03:00:00', -1, 16, 1),
(431, '2020-01-24 11:32:21', '2020-01-26 09:00:00', -0.8, 16, 1),
(432, '2020-01-24 11:32:21', '2020-01-26 15:00:00', -3.7, 16, 1),
(433, '2020-01-24 11:32:21', '2020-01-26 21:00:00', -8, 16, 1),
(434, '2020-01-24 11:32:21', '2020-01-27 03:00:00', -7.8, 16, 1),
(435, '2020-01-24 11:32:21', '2020-01-27 09:00:00', -5, 16, 1),
(436, '2020-01-24 11:32:21', '2020-01-27 15:00:00', -2.1, 16, 1),
(437, '2020-01-24 11:32:21', '2020-01-27 21:00:00', -6.5, 16, 17),
(438, '2020-01-24 11:32:21', '2020-01-28 03:00:00', -16, 16, 17),
(439, '2020-01-24 11:32:21', '2020-01-28 09:00:00', -16, 16, 17),
(440, '2020-01-24 11:32:21', '2020-01-28 15:00:00', -19.9, 16, 17),
(441, '2020-01-24 11:32:21', '2020-01-28 21:00:00', -19.1, 16, 17),
(442, '2020-01-24 11:32:21', '2020-01-29 03:00:00', -12, 16, 1),
(443, '2020-01-24 11:32:21', '2020-01-29 09:00:00', -6, 16, 1),
(444, '2020-01-24 11:32:21', '2020-01-29 15:00:00', -0.9, 16, 1),
(445, '2020-01-24 11:32:21', '2020-01-29 21:00:00', -1.4, 16, 1),
(446, '2020-01-24 11:32:21', '2020-01-30 03:00:00', -3, 16, 2),
(447, '2020-01-24 11:32:21', '2020-01-30 09:00:00', -3, 16, 2),
(448, '2020-01-24 11:32:21', '2020-01-30 15:00:00', -4.6, 16, 2),
(449, '2020-01-24 11:32:21', '2020-01-24 00:00:00', -5.2, 17, 1),
(450, '2020-01-24 11:32:21', '2020-01-24 06:00:00', -8, 17, 1),
(451, '2020-01-24 11:32:21', '2020-01-24 12:00:00', -7, 17, 1),
(452, '2020-01-24 11:32:21', '2020-01-24 18:00:00', -9.1, 17, 2),
(453, '2020-01-24 11:32:21', '2020-01-25 00:00:00', -9.4, 17, 1),
(454, '2020-01-24 11:32:21', '2020-01-25 06:00:00', -4, 17, 1),
(455, '2020-01-24 11:32:21', '2020-01-25 12:00:00', 1.2, 17, 1),
(456, '2020-01-24 11:32:21', '2020-01-25 18:00:00', 0, 17, 1),
(457, '2020-01-24 11:32:21', '2020-01-26 00:00:00', -0.6, 17, 1),
(458, '2020-01-24 11:32:21', '2020-01-26 06:00:00', -2, 17, 1),
(459, '2020-01-24 11:32:21', '2020-01-26 12:00:00', -3, 17, 1),
(460, '2020-01-24 11:32:21', '2020-01-26 18:00:00', -4.7, 17, 1),
(461, '2020-01-24 11:32:21', '2020-01-27 00:00:00', -5, 17, 1),
(462, '2020-01-24 11:32:21', '2020-01-27 06:00:00', -5, 17, 1),
(463, '2020-01-24 11:32:21', '2020-01-27 12:00:00', -0.5, 17, 1),
(464, '2020-01-24 11:32:21', '2020-01-27 18:00:00', -7.4, 17, 2),
(465, '2020-01-24 11:32:21', '2020-01-28 00:00:00', -14, 17, 17),
(466, '2020-01-24 11:32:21', '2020-01-28 06:00:00', -15.7, 17, 2),
(467, '2020-01-24 11:32:21', '2020-01-28 12:00:00', -12, 17, 2),
(468, '2020-01-24 11:32:21', '2020-01-28 18:00:00', -10, 17, 1),
(469, '2020-01-24 11:32:21', '2020-01-29 00:00:00', -8.7, 17, 1),
(470, '2020-01-24 11:32:21', '2020-01-29 06:00:00', -7, 17, 1),
(471, '2020-01-24 11:32:21', '2020-01-29 12:00:00', -2.7, 17, 1),
(472, '2020-01-24 11:32:21', '2020-01-29 18:00:00', -3, 17, 1),
(473, '2020-01-24 11:32:21', '2020-01-30 00:00:00', -2.8, 17, 2),
(474, '2020-01-24 11:32:21', '2020-01-30 06:00:00', -1, 17, 2),
(475, '2020-01-24 11:32:22', '2020-01-30 12:00:00', 1, 17, 1),
(476, '2020-01-24 11:32:22', '2020-01-30 18:00:00', 1, 17, 1),
(477, '2020-01-24 11:32:22', '2020-01-23 21:00:00', -6, 18, 2),
(478, '2020-01-24 11:32:22', '2020-01-24 03:00:00', -8, 18, 2),
(479, '2020-01-24 11:32:22', '2020-01-24 09:00:00', -9, 18, 1),
(480, '2020-01-24 11:32:22', '2020-01-24 15:00:00', -10.1, 18, 1),
(481, '2020-01-24 11:32:22', '2020-01-24 21:00:00', -9.9, 18, 1),
(482, '2020-01-24 11:32:22', '2020-01-25 03:00:00', -9, 18, 1),
(483, '2020-01-24 11:32:22', '2020-01-25 09:00:00', -9, 18, 1),
(484, '2020-01-24 11:32:22', '2020-01-25 15:00:00', -8.4, 18, 1),
(485, '2020-01-24 11:32:22', '2020-01-25 21:00:00', -8, 18, 1),
(486, '2020-01-24 11:32:22', '2020-01-26 03:00:00', -8, 18, 1),
(487, '2020-01-24 11:32:22', '2020-01-26 09:00:00', -6.3, 18, 1),
(488, '2020-01-24 11:32:22', '2020-01-26 15:00:00', -10.1, 18, 1),
(489, '2020-01-24 11:32:22', '2020-01-26 21:00:00', -11.1, 18, 1),
(490, '2020-01-24 11:32:22', '2020-01-27 03:00:00', -14, 18, 1),
(491, '2020-01-24 11:32:22', '2020-01-27 09:00:00', -14, 18, 1),
(492, '2020-01-24 11:32:22', '2020-01-27 15:00:00', -17.1, 18, 1),
(493, '2020-01-24 11:32:22', '2020-01-27 21:00:00', -17.9, 18, 1),
(494, '2020-01-24 11:32:22', '2020-01-28 03:00:00', -22, 18, 2),
(495, '2020-01-24 11:32:22', '2020-01-28 09:00:00', -22, 18, 17),
(496, '2020-01-24 11:32:22', '2020-01-28 15:00:00', -24.8, 18, 17),
(497, '2020-01-24 11:32:22', '2020-01-28 21:00:00', -24.5, 18, 2),
(498, '2020-01-24 11:32:22', '2020-01-29 03:00:00', -22, 18, 2),
(499, '2020-01-24 11:32:22', '2020-01-29 09:00:00', -17, 18, 1),
(500, '2020-01-24 11:32:22', '2020-01-29 15:00:00', -14.9, 18, 1),
(501, '2020-01-24 11:32:22', '2020-01-29 21:00:00', -15, 18, 2),
(502, '2020-01-24 11:32:22', '2020-01-30 03:00:00', -16.8, 18, 17),
(503, '2020-01-24 11:32:22', '2020-01-30 09:00:00', -15, 18, 2),
(504, '2020-01-24 11:32:22', '2020-01-30 15:00:00', -11.7, 18, 2),
(505, '2020-01-24 11:32:22', '2020-01-23 21:00:00', -5, 19, 1),
(506, '2020-01-24 11:32:22', '2020-01-24 03:00:00', -7, 19, 2),
(507, '2020-01-24 11:32:22', '2020-01-24 09:00:00', -8, 19, 1),
(508, '2020-01-24 11:32:22', '2020-01-24 15:00:00', -10.1, 19, 1),
(509, '2020-01-24 11:32:22', '2020-01-24 21:00:00', -11.5, 19, 2),
(510, '2020-01-24 11:32:22', '2020-01-25 03:00:00', -11, 19, 1),
(511, '2020-01-24 11:32:22', '2020-01-25 09:00:00', -9, 19, 1),
(512, '2020-01-24 11:32:22', '2020-01-25 15:00:00', -4.5, 19, 1),
(513, '2020-01-24 11:32:22', '2020-01-25 21:00:00', -5, 19, 2),
(514, '2020-01-24 11:32:22', '2020-01-26 03:00:00', -6, 19, 1),
(515, '2020-01-24 11:32:22', '2020-01-26 09:00:00', -3.7, 19, 1),
(516, '2020-01-24 11:32:22', '2020-01-26 15:00:00', -6.8, 19, 1),
(517, '2020-01-24 11:32:22', '2020-01-26 21:00:00', -10, 19, 1),
(518, '2020-01-24 11:32:22', '2020-01-27 03:00:00', -11, 19, 1),
(519, '2020-01-24 11:32:22', '2020-01-27 09:00:00', -9, 19, 1),
(520, '2020-01-24 11:32:22', '2020-01-27 15:00:00', -14.7, 19, 1),
(521, '2020-01-24 11:32:22', '2020-01-27 21:00:00', -17.1, 19, 17),
(522, '2020-01-24 11:32:22', '2020-01-28 03:00:00', -22.4, 19, 17),
(523, '2020-01-24 11:32:22', '2020-01-28 09:00:00', -20, 19, 17),
(524, '2020-01-24 11:32:22', '2020-01-28 15:00:00', -22, 19, 2),
(525, '2020-01-24 11:32:22', '2020-01-28 21:00:00', -22, 19, 2),
(526, '2020-01-24 11:32:22', '2020-01-29 03:00:00', -18, 19, 2),
(527, '2020-01-24 11:32:22', '2020-01-29 09:00:00', -12, 19, 1),
(528, '2020-01-24 11:32:22', '2020-01-29 15:00:00', -9.3, 19, 1),
(529, '2020-01-24 11:32:22', '2020-01-29 21:00:00', -8.2, 19, 1),
(530, '2020-01-24 11:32:22', '2020-01-30 03:00:00', -4, 19, 1),
(531, '2020-01-24 11:32:22', '2020-01-30 09:00:00', -2.1, 19, 1),
(532, '2020-01-24 11:32:22', '2020-01-30 15:00:00', -2, 19, 1),
(533, '2020-01-24 11:32:22', '2020-01-24 00:00:00', -4.9, 20, 2),
(534, '2020-01-24 11:32:22', '2020-01-24 06:00:00', -8, 20, 2),
(535, '2020-01-24 11:32:22', '2020-01-24 12:00:00', -8, 20, 1),
(536, '2020-01-24 11:32:22', '2020-01-24 18:00:00', -10.5, 20, 2),
(537, '2020-01-24 11:32:22', '2020-01-25 00:00:00', -10.9, 20, 1),
(538, '2020-01-24 11:32:22', '2020-01-25 06:00:00', -5, 20, 1),
(539, '2020-01-24 11:32:22', '2020-01-25 12:00:00', 0.4, 20, 1),
(540, '2020-01-24 11:32:22', '2020-01-25 18:00:00', -1, 20, 1),
(541, '2020-01-24 11:32:22', '2020-01-26 00:00:00', -2, 20, 1),
(542, '2020-01-24 11:32:22', '2020-01-26 06:00:00', -2.1, 20, 1),
(543, '2020-01-24 11:32:22', '2020-01-26 12:00:00', -3, 20, 1),
(544, '2020-01-24 11:32:22', '2020-01-26 18:00:00', -5.2, 20, 1),
(545, '2020-01-24 11:32:22', '2020-01-27 00:00:00', -6, 20, 1),
(546, '2020-01-24 11:32:22', '2020-01-27 06:00:00', -6, 20, 1),
(547, '2020-01-24 11:32:22', '2020-01-27 12:00:00', 0.2, 20, 1),
(548, '2020-01-24 11:32:22', '2020-01-27 18:00:00', -7, 20, 2),
(549, '2020-01-24 11:32:22', '2020-01-28 00:00:00', -12.1, 20, 17),
(550, '2020-01-24 11:32:22', '2020-01-28 06:00:00', -17.4, 20, 2),
(551, '2020-01-24 11:32:22', '2020-01-28 12:00:00', -15, 20, 2),
(552, '2020-01-24 11:32:22', '2020-01-28 18:00:00', -13, 20, 2),
(553, '2020-01-24 11:32:22', '2020-01-29 00:00:00', -11.4, 20, 1),
(554, '2020-01-24 11:32:22', '2020-01-29 06:00:00', -8, 20, 1),
(555, '2020-01-24 11:32:22', '2020-01-29 12:00:00', -3.9, 20, 1),
(556, '2020-01-24 11:32:22', '2020-01-29 18:00:00', -5, 20, 1),
(557, '2020-01-24 11:32:22', '2020-01-30 00:00:00', -3.7, 20, 1),
(558, '2020-01-24 11:32:22', '2020-01-30 06:00:00', -2, 20, 2),
(559, '2020-01-24 11:32:22', '2020-01-30 12:00:00', 0, 20, 1),
(560, '2020-01-24 11:32:22', '2020-01-30 18:00:00', 0.5, 20, 1),
(561, '2020-01-24 11:32:22', '2020-01-24 00:00:00', -8, 21, 17),
(562, '2020-01-24 11:32:22', '2020-01-24 06:00:00', -10.1, 21, 17),
(563, '2020-01-24 11:32:22', '2020-01-24 12:00:00', -9, 21, 17),
(564, '2020-01-24 11:32:22', '2020-01-24 18:00:00', -6.6, 21, 2),
(565, '2020-01-24 11:32:22', '2020-01-25 00:00:00', -4.7, 21, 1),
(566, '2020-01-24 11:32:22', '2020-01-25 06:00:00', 0, 21, 1),
(567, '2020-01-24 11:32:22', '2020-01-25 12:00:00', 1.5, 21, 7),
(568, '2020-01-24 11:32:22', '2020-01-25 18:00:00', 1, 21, 7),
(569, '2020-01-24 11:32:22', '2020-01-26 00:00:00', 1.2, 21, 1),
(570, '2020-01-24 11:32:22', '2020-01-26 06:00:00', -2, 21, 1),
(571, '2020-01-24 11:32:22', '2020-01-26 12:00:00', -2, 21, 17),
(572, '2020-01-24 11:32:22', '2020-01-26 18:00:00', -4.7, 21, 17),
(573, '2020-01-24 11:32:22', '2020-01-27 00:00:00', -4.8, 21, 2),
(574, '2020-01-24 11:32:22', '2020-01-27 06:00:00', -3, 21, 1),
(575, '2020-01-24 11:32:22', '2020-01-27 12:00:00', 0.7, 21, 2),
(576, '2020-01-24 11:32:22', '2020-01-27 18:00:00', 1, 21, 1),
(577, '2020-01-24 11:32:22', '2020-01-28 00:00:00', 0.4, 21, 1),
(578, '2020-01-24 11:32:22', '2020-01-28 06:00:00', -2.2, 21, 1),
(579, '2020-01-24 11:32:22', '2020-01-28 12:00:00', -1, 21, 1),
(580, '2020-01-24 11:32:22', '2020-01-28 18:00:00', 0, 21, 1),
(581, '2020-01-24 11:32:22', '2020-01-29 00:00:00', -0.7, 21, 1),
(582, '2020-01-24 11:32:22', '2020-01-29 06:00:00', -1, 21, 1),
(583, '2020-01-24 11:32:22', '2020-01-29 12:00:00', 0, 21, 1),
(584, '2020-01-24 11:32:22', '2020-01-29 18:00:00', 0.7, 21, 2),
(585, '2020-01-24 11:32:22', '2020-01-30 00:00:00', 1, 21, 2),
(586, '2020-01-24 11:32:22', '2020-01-30 06:00:00', 1, 21, 7),
(587, '2020-01-24 11:32:22', '2020-01-30 12:00:00', 1.3, 21, 7),
(588, '2020-01-24 11:32:22', '2020-01-30 18:00:00', -4.1, 21, 2),
(589, '2020-01-24 11:32:22', '2020-01-24 00:00:00', -3.3, 22, 1),
(590, '2020-01-24 11:32:22', '2020-01-24 06:00:00', -8.7, 22, 1),
(591, '2020-01-24 11:32:22', '2020-01-24 12:00:00', -4, 22, 17),
(592, '2020-01-24 11:32:22', '2020-01-24 18:00:00', -6, 22, 17),
(593, '2020-01-24 11:32:22', '2020-01-25 00:00:00', -4.7, 22, 17),
(594, '2020-01-24 11:32:22', '2020-01-25 06:00:00', -1, 22, 1),
(595, '2020-01-24 11:32:22', '2020-01-25 12:00:00', 1.3, 22, 7),
(596, '2020-01-24 11:32:22', '2020-01-25 18:00:00', 0, 22, 1),
(597, '2020-01-24 11:32:22', '2020-01-26 00:00:00', 1, 22, 2),
(598, '2020-01-24 11:32:22', '2020-01-26 06:00:00', 1, 22, 1),
(599, '2020-01-24 11:32:22', '2020-01-26 12:00:00', 1.3, 22, 1),
(600, '2020-01-24 11:32:22', '2020-01-26 18:00:00', -3.4, 22, 1),
(601, '2020-01-24 11:32:22', '2020-01-27 00:00:00', -4.1, 22, 17),
(602, '2020-01-24 11:32:22', '2020-01-27 06:00:00', -3, 22, 17),
(603, '2020-01-24 11:32:22', '2020-01-27 12:00:00', 1.9, 22, 2),
(604, '2020-01-24 11:32:23', '2020-01-27 18:00:00', -1, 22, 2),
(605, '2020-01-24 11:32:23', '2020-01-28 00:00:00', -1, 22, 2),
(606, '2020-01-24 11:32:23', '2020-01-28 06:00:00', -1, 22, 2),
(607, '2020-01-24 11:32:23', '2020-01-28 12:00:00', 2.1, 22, 2),
(608, '2020-01-24 11:32:23', '2020-01-28 18:00:00', 1, 22, 7),
(609, '2020-01-24 11:32:23', '2020-01-29 00:00:00', 0.7, 22, 7),
(610, '2020-01-24 11:32:23', '2020-01-29 06:00:00', 3, 22, 8),
(611, '2020-01-24 11:32:23', '2020-01-29 12:00:00', 3.8, 22, 8),
(612, '2020-01-24 11:32:23', '2020-01-29 18:00:00', 3, 22, 2),
(613, '2020-01-24 11:32:23', '2020-01-30 00:00:00', 2, 22, 8),
(614, '2020-01-24 11:32:23', '2020-01-30 06:00:00', 3, 22, 8),
(615, '2020-01-24 11:32:23', '2020-01-30 12:00:00', 5.9, 22, 2),
(616, '2020-01-24 11:32:23', '2020-01-30 18:00:00', -0.3, 22, 2),
(617, '2020-01-24 11:32:23', '2020-01-23 21:00:00', -6.8, 23, 2),
(618, '2020-01-24 11:32:23', '2020-01-24 03:00:00', -8, 23, 1),
(619, '2020-01-24 11:32:23', '2020-01-24 09:00:00', -9, 23, 2),
(620, '2020-01-24 11:32:23', '2020-01-24 15:00:00', -11, 23, 2),
(621, '2020-01-24 11:32:23', '2020-01-24 21:00:00', -10.6, 23, 1),
(622, '2020-01-24 11:32:23', '2020-01-25 03:00:00', -13, 23, 17),
(623, '2020-01-24 11:32:23', '2020-01-25 09:00:00', -13, 23, 17),
(624, '2020-01-24 11:32:23', '2020-01-25 15:00:00', -14.8, 23, 2),
(625, '2020-01-24 11:32:23', '2020-01-25 21:00:00', -12.8, 23, 1),
(626, '2020-01-24 11:32:23', '2020-01-26 03:00:00', -10, 23, 1),
(627, '2020-01-24 11:32:23', '2020-01-26 09:00:00', -8.9, 23, 2),
(628, '2020-01-24 11:32:23', '2020-01-26 15:00:00', -10, 23, 2),
(629, '2020-01-24 11:32:23', '2020-01-26 21:00:00', -10.2, 23, 1),
(630, '2020-01-24 11:32:23', '2020-01-27 03:00:00', -12, 23, 1),
(631, '2020-01-24 11:32:23', '2020-01-27 09:00:00', -14, 23, 2),
(632, '2020-01-24 11:32:23', '2020-01-27 15:00:00', -15.4, 23, 1),
(633, '2020-01-24 11:32:23', '2020-01-27 21:00:00', -18, 23, 2),
(634, '2020-01-24 11:32:23', '2020-01-28 03:00:00', -19.7, 23, 1),
(635, '2020-01-24 11:32:23', '2020-01-28 09:00:00', -16.6, 23, 1),
(636, '2020-01-24 11:32:23', '2020-01-28 15:00:00', -19, 23, 17),
(637, '2020-01-24 11:32:23', '2020-01-28 21:00:00', -21.3, 23, 17),
(638, '2020-01-24 11:32:23', '2020-01-29 03:00:00', -25.1, 23, 17),
(639, '2020-01-24 11:32:23', '2020-01-29 09:00:00', -22, 23, 2),
(640, '2020-01-24 11:32:23', '2020-01-29 15:00:00', -23, 23, 2),
(641, '2020-01-24 11:32:23', '2020-01-29 21:00:00', -21.5, 23, 2),
(642, '2020-01-24 11:32:23', '2020-01-30 03:00:00', -18, 23, 2),
(643, '2020-01-24 11:32:23', '2020-01-30 09:00:00', -14, 23, 1),
(644, '2020-01-24 11:32:23', '2020-01-30 15:00:00', -10.9, 23, 1),
(645, '2020-01-24 11:32:23', '2020-01-23 21:00:00', -14, 24, 17),
(646, '2020-01-24 11:32:23', '2020-01-24 03:00:00', -14.5, 24, 17),
(647, '2020-01-24 11:32:23', '2020-01-24 09:00:00', -6.3, 24, 2),
(648, '2020-01-24 11:32:23', '2020-01-24 15:00:00', -10, 24, 2),
(649, '2020-01-24 11:32:23', '2020-01-24 21:00:00', -13, 24, 1),
(650, '2020-01-24 11:32:23', '2020-01-25 03:00:00', -14.4, 24, 17),
(651, '2020-01-24 11:32:23', '2020-01-25 09:00:00', -11, 24, 1),
(652, '2020-01-24 11:32:23', '2020-01-25 15:00:00', -9.1, 24, 1),
(653, '2020-01-24 11:32:23', '2020-01-25 21:00:00', -10, 24, 1),
(654, '2020-01-24 11:32:23', '2020-01-26 03:00:00', -9, 24, 2),
(655, '2020-01-24 11:32:23', '2020-01-26 09:00:00', -7.2, 24, 2),
(656, '2020-01-24 11:32:23', '2020-01-26 15:00:00', -10, 24, 2),
(657, '2020-01-24 11:32:23', '2020-01-26 21:00:00', -9.5, 24, 2),
(658, '2020-01-24 11:32:23', '2020-01-27 03:00:00', -10, 24, 1),
(659, '2020-01-24 11:32:23', '2020-01-27 09:00:00', -11, 24, 2),
(660, '2020-01-24 11:32:23', '2020-01-27 15:00:00', -16.1, 24, 1),
(661, '2020-01-24 11:32:23', '2020-01-27 21:00:00', -14.4, 24, 1),
(662, '2020-01-24 11:32:23', '2020-01-28 03:00:00', -18, 24, 17),
(663, '2020-01-24 11:32:23', '2020-01-28 09:00:00', -18, 24, 17),
(664, '2020-01-24 11:32:23', '2020-01-28 15:00:00', -23.2, 24, 17),
(665, '2020-01-24 11:32:23', '2020-01-28 21:00:00', -25.3, 24, 17),
(666, '2020-01-24 11:32:23', '2020-01-29 03:00:00', -22, 24, 2),
(667, '2020-01-24 11:32:23', '2020-01-29 09:00:00', -15, 24, 2),
(668, '2020-01-24 11:32:23', '2020-01-29 15:00:00', -14.1, 24, 2),
(669, '2020-01-24 11:32:23', '2020-01-29 21:00:00', -13.5, 24, 1),
(670, '2020-01-24 11:32:23', '2020-01-30 03:00:00', -11, 24, 1),
(671, '2020-01-24 11:32:23', '2020-01-30 09:00:00', -5.4, 24, 1),
(672, '2020-01-24 11:32:23', '2020-01-30 15:00:00', -6, 24, 2),
(673, '2020-01-24 15:48:26', '2020-01-23 21:00:00', -2.3, 2, 1),
(674, '2020-01-24 15:48:26', '2020-01-24 03:00:00', -1, 2, 1),
(675, '2020-01-24 15:48:26', '2020-01-24 09:00:00', -0.4, 2, 2),
(676, '2020-01-24 15:48:26', '2020-01-24 15:00:00', -2, 2, 2),
(677, '2020-01-24 15:48:26', '2020-01-24 21:00:00', -4.1, 2, 2),
(678, '2020-01-24 15:48:26', '2020-01-25 03:00:00', -3, 2, 2),
(679, '2020-01-24 15:48:26', '2020-01-25 09:00:00', 0.2, 2, 1),
(680, '2020-01-24 15:48:27', '2020-01-25 15:00:00', -1, 2, 1),
(681, '2020-01-24 15:48:27', '2020-01-25 21:00:00', -3.2, 2, 1),
(682, '2020-01-24 15:48:27', '2020-01-26 03:00:00', -6, 2, 1),
(683, '2020-01-24 15:48:27', '2020-01-26 09:00:00', -9, 2, 2),
(684, '2020-01-24 15:48:27', '2020-01-26 15:00:00', -12.5, 2, 17),
(685, '2020-01-24 15:48:27', '2020-01-26 21:00:00', -13.6, 2, 17),
(686, '2020-01-24 15:48:27', '2020-01-27 03:00:00', -12, 2, 17),
(687, '2020-01-24 15:48:27', '2020-01-27 09:00:00', -6.1, 2, 2),
(688, '2020-01-24 15:48:27', '2020-01-27 15:00:00', -7, 2, 2),
(689, '2020-01-24 15:48:27', '2020-01-27 21:00:00', -3.5, 2, 1),
(690, '2020-01-24 15:48:27', '2020-01-28 03:00:00', -6, 2, 17),
(691, '2020-01-24 15:48:27', '2020-01-28 09:00:00', -6, 2, 1),
(692, '2020-01-24 15:48:27', '2020-01-28 15:00:00', -6.1, 2, 1),
(693, '2020-01-24 15:48:27', '2020-01-28 21:00:00', -5, 2, 1),
(694, '2020-01-24 15:48:27', '2020-01-29 03:00:00', -9, 2, 1),
(695, '2020-01-24 15:48:27', '2020-01-29 09:00:00', -13, 2, 1),
(696, '2020-01-24 15:48:27', '2020-01-29 15:00:00', -15, 2, 1),
(697, '2020-01-24 15:48:27', '2020-01-29 21:00:00', -16.1, 2, 1),
(698, '2020-01-24 15:48:27', '2020-01-30 03:00:00', -18, 2, 2),
(699, '2020-01-24 15:48:27', '2020-01-30 09:00:00', -20, 2, 17),
(700, '2020-01-24 15:48:27', '2020-01-30 15:00:00', -22, 2, 17),
(701, '2020-01-24 15:48:27', '2020-01-24 00:00:00', -7.8, 4, 17),
(702, '2020-01-24 15:48:27', '2020-01-24 06:00:00', -7, 4, 17),
(703, '2020-01-24 15:48:27', '2020-01-24 12:00:00', -3, 4, 1),
(704, '2020-01-24 15:48:27', '2020-01-24 18:00:00', -0.7, 4, 1),
(705, '2020-01-24 15:48:27', '2020-01-25 00:00:00', 0.1, 4, 7),
(706, '2020-01-24 15:48:27', '2020-01-25 06:00:00', 1, 4, 7),
(707, '2020-01-24 15:48:27', '2020-01-25 12:00:00', 1.7, 4, 8),
(708, '2020-01-24 15:48:27', '2020-01-25 18:00:00', 2, 4, 8),
(709, '2020-01-24 15:48:27', '2020-01-26 00:00:00', 1.3, 4, 7),
(710, '2020-01-24 15:48:27', '2020-01-26 06:00:00', -1, 4, 2),
(711, '2020-01-24 15:48:27', '2020-01-26 12:00:00', 1, 4, 17),
(712, '2020-01-24 15:48:27', '2020-01-26 18:00:00', -2.2, 4, 17),
(713, '2020-01-24 15:48:27', '2020-01-27 00:00:00', -1.1, 4, 2),
(714, '2020-01-24 15:48:27', '2020-01-27 06:00:00', 0, 4, 2),
(715, '2020-01-24 15:48:27', '2020-01-27 12:00:00', 1.7, 4, 2),
(716, '2020-01-24 15:48:27', '2020-01-27 18:00:00', 1, 4, 2),
(717, '2020-01-24 15:48:27', '2020-01-28 00:00:00', -1, 4, 2),
(718, '2020-01-24 15:48:27', '2020-01-28 06:00:00', -2.1, 4, 2),
(719, '2020-01-24 15:48:27', '2020-01-28 12:00:00', 1, 4, 7),
(720, '2020-01-24 15:48:27', '2020-01-28 18:00:00', 0, 4, 7),
(721, '2020-01-24 15:48:27', '2020-01-29 00:00:00', -0.8, 4, 1),
(722, '2020-01-24 15:48:27', '2020-01-29 06:00:00', 0, 4, 2),
(723, '2020-01-24 15:48:27', '2020-01-29 12:00:00', 1.8, 4, 8),
(724, '2020-01-24 15:48:27', '2020-01-29 18:00:00', 1, 4, 7),
(725, '2020-01-24 15:48:27', '2020-01-30 00:00:00', 1, 4, 1),
(726, '2020-01-24 15:48:27', '2020-01-30 06:00:00', -1, 4, 1),
(727, '2020-01-24 15:48:27', '2020-01-30 12:00:00', 1.5, 4, 2),
(728, '2020-01-24 15:48:27', '2020-01-30 18:00:00', -1.5, 4, 2),
(729, '2020-01-24 15:48:27', '2020-01-24 00:00:00', -5.3, 7, 1),
(730, '2020-01-24 15:48:27', '2020-01-24 06:00:00', -7, 7, 1),
(731, '2020-01-24 15:48:27', '2020-01-24 12:00:00', -7, 7, 1),
(732, '2020-01-24 15:48:27', '2020-01-24 18:00:00', -8.3, 7, 1),
(733, '2020-01-24 15:48:27', '2020-01-25 00:00:00', -6.3, 7, 1),
(734, '2020-01-24 15:48:27', '2020-01-25 06:00:00', -4, 7, 1),
(735, '2020-01-24 15:48:27', '2020-01-25 12:00:00', -1.2, 7, 1),
(736, '2020-01-24 15:48:27', '2020-01-25 18:00:00', -3, 7, 1),
(737, '2020-01-24 15:48:27', '2020-01-26 00:00:00', -3.9, 7, 1),
(738, '2020-01-24 15:48:27', '2020-01-26 06:00:00', -4, 7, 1),
(739, '2020-01-24 15:48:27', '2020-01-26 12:00:00', -6, 7, 1),
(740, '2020-01-24 15:48:27', '2020-01-26 18:00:00', -7.2, 7, 1),
(741, '2020-01-24 15:48:27', '2020-01-27 00:00:00', -7.4, 7, 1),
(742, '2020-01-24 15:48:27', '2020-01-27 06:00:00', -8, 7, 1),
(743, '2020-01-24 15:48:27', '2020-01-27 12:00:00', -10, 7, 1),
(744, '2020-01-24 15:48:27', '2020-01-27 18:00:00', -19.7, 7, 17),
(745, '2020-01-24 15:48:27', '2020-01-28 00:00:00', -23, 7, 17),
(746, '2020-01-24 15:48:27', '2020-01-28 06:00:00', -25.3, 7, 17),
(747, '2020-01-24 15:48:27', '2020-01-28 12:00:00', -20, 7, 2),
(748, '2020-01-24 15:48:27', '2020-01-28 18:00:00', -15.3, 7, 1),
(749, '2020-01-24 15:48:27', '2020-01-29 00:00:00', -13.3, 7, 1),
(750, '2020-01-24 15:48:27', '2020-01-29 06:00:00', -10, 7, 1),
(751, '2020-01-24 15:48:27', '2020-01-29 12:00:00', -7, 7, 1),
(752, '2020-01-24 15:48:27', '2020-01-29 18:00:00', -4.9, 7, 1),
(753, '2020-01-24 15:48:27', '2020-01-30 00:00:00', -5.4, 7, 1),
(754, '2020-01-24 15:48:27', '2020-01-30 06:00:00', -5, 7, 1),
(755, '2020-01-24 15:48:27', '2020-01-30 12:00:00', -3, 7, 1),
(756, '2020-01-24 15:48:27', '2020-01-30 18:00:00', -0.2, 7, 1),
(757, '2020-01-24 15:48:27', '2020-01-24 00:00:00', -3.3, 22, 1),
(758, '2020-01-24 15:48:27', '2020-01-24 06:00:00', -10.2, 22, 1),
(759, '2020-01-24 15:48:27', '2020-01-24 12:00:00', -5, 22, 17),
(760, '2020-01-24 15:48:27', '2020-01-24 18:00:00', -6, 22, 17),
(761, '2020-01-24 15:48:27', '2020-01-25 00:00:00', -4.7, 22, 17),
(762, '2020-01-24 15:48:27', '2020-01-25 06:00:00', -1, 22, 1),
(763, '2020-01-24 15:48:27', '2020-01-25 12:00:00', 1.3, 22, 7),
(764, '2020-01-24 15:48:27', '2020-01-25 18:00:00', 0, 22, 1),
(765, '2020-01-24 15:48:27', '2020-01-26 00:00:00', 1, 22, 2),
(766, '2020-01-24 15:48:27', '2020-01-26 06:00:00', 1, 22, 1),
(767, '2020-01-24 15:48:27', '2020-01-26 12:00:00', 1.3, 22, 1),
(768, '2020-01-24 15:48:27', '2020-01-26 18:00:00', -3.4, 22, 1),
(769, '2020-01-24 15:48:27', '2020-01-27 00:00:00', -4.1, 22, 17),
(770, '2020-01-24 15:48:27', '2020-01-27 06:00:00', -3, 22, 17),
(771, '2020-01-24 15:48:27', '2020-01-27 12:00:00', 1.9, 22, 2),
(772, '2020-01-24 15:48:27', '2020-01-27 18:00:00', 0, 22, 2),
(773, '2020-01-24 15:48:27', '2020-01-28 00:00:00', -1, 22, 2),
(774, '2020-01-24 15:48:27', '2020-01-28 06:00:00', -1, 22, 2),
(775, '2020-01-24 15:48:27', '2020-01-28 12:00:00', 2.1, 22, 2),
(776, '2020-01-24 15:48:27', '2020-01-28 18:00:00', 0, 22, 7),
(777, '2020-01-24 15:48:27', '2020-01-29 00:00:00', 0.7, 22, 7),
(778, '2020-01-24 15:48:27', '2020-01-29 06:00:00', 2, 22, 8),
(779, '2020-01-24 15:48:27', '2020-01-29 12:00:00', 3.8, 22, 8),
(780, '2020-01-24 15:48:27', '2020-01-29 18:00:00', 3, 22, 2),
(781, '2020-01-24 15:48:27', '2020-01-30 00:00:00', 2, 22, 8),
(782, '2020-01-24 15:48:27', '2020-01-30 06:00:00', 3, 22, 8),
(783, '2020-01-24 15:48:27', '2020-01-30 12:00:00', 5.9, 22, 2),
(784, '2020-01-24 15:48:27', '2020-01-30 18:00:00', -0.3, 22, 2),
(785, '2020-01-24 15:48:27', '2020-01-24 00:00:00', 0, 9, 17),
(786, '2020-01-24 15:48:27', '2020-01-24 06:00:00', -1, 9, 1),
(787, '2020-01-24 15:48:27', '2020-01-24 12:00:00', 2, 9, 7),
(788, '2020-01-24 15:48:27', '2020-01-24 18:00:00', -2.1, 9, 17),
(789, '2020-01-24 15:48:27', '2020-01-25 00:00:00', -1.1, 9, 2),
(790, '2020-01-24 15:48:27', '2020-01-25 06:00:00', 5, 9, 2),
(791, '2020-01-24 15:48:27', '2020-01-25 12:00:00', 8.3, 9, 2),
(792, '2020-01-24 15:48:27', '2020-01-25 18:00:00', 6, 9, 17),
(793, '2020-01-24 15:48:27', '2020-01-26 00:00:00', 7, 9, 8),
(794, '2020-01-24 15:48:27', '2020-01-26 06:00:00', 4, 9, 2),
(795, '2020-01-24 15:48:27', '2020-01-26 12:00:00', 6.9, 9, 2),
(796, '2020-01-24 15:48:27', '2020-01-26 18:00:00', -0.2, 9, 17),
(797, '2020-01-24 15:48:27', '2020-01-27 00:00:00', -1, 9, 17),
(798, '2020-01-24 15:48:28', '2020-01-27 06:00:00', -1.2, 9, 17),
(799, '2020-01-24 15:48:28', '2020-01-27 12:00:00', 9.6, 9, 2),
(800, '2020-01-24 15:48:28', '2020-01-27 18:00:00', 6, 9, 2),
(801, '2020-01-24 15:48:28', '2020-01-28 00:00:00', 3.9, 9, 2),
(802, '2020-01-24 15:48:28', '2020-01-28 06:00:00', 8, 9, 8),
(803, '2020-01-24 15:48:28', '2020-01-28 12:00:00', 9.2, 9, 8),
(804, '2020-01-24 15:48:28', '2020-01-28 18:00:00', 8, 9, 8),
(805, '2020-01-24 15:48:28', '2020-01-29 00:00:00', 6, 9, 8),
(806, '2020-01-24 15:48:28', '2020-01-29 06:00:00', 4.4, 9, 8),
(807, '2020-01-24 15:48:28', '2020-01-29 12:00:00', 10, 9, 2),
(808, '2020-01-24 15:48:28', '2020-01-29 18:00:00', 9, 9, 2),
(809, '2020-01-24 15:48:28', '2020-01-30 00:00:00', 7.7, 9, 8),
(810, '2020-01-24 15:48:28', '2020-01-30 06:00:00', 7, 9, 8),
(811, '2020-01-24 15:48:28', '2020-01-30 12:00:00', 7, 9, 8),
(812, '2020-01-24 15:48:28', '2020-01-30 18:00:00', 7, 9, 8),
(813, '2020-01-24 15:48:28', '2020-01-23 21:00:00', -5.4, 3, 1),
(814, '2020-01-24 15:48:28', '2020-01-24 03:00:00', -8, 3, 2),
(815, '2020-01-24 15:48:28', '2020-01-24 09:00:00', -8, 3, 1),
(816, '2020-01-24 15:48:28', '2020-01-24 15:00:00', -10.4, 3, 1),
(817, '2020-01-24 15:48:28', '2020-01-24 21:00:00', -12, 3, 2),
(818, '2020-01-24 15:48:28', '2020-01-25 03:00:00', -12.3, 3, 2),
(819, '2020-01-24 15:48:28', '2020-01-25 09:00:00', -9.6, 3, 1),
(820, '2020-01-24 15:48:28', '2020-01-25 15:00:00', -12, 3, 1),
(821, '2020-01-24 15:48:28', '2020-01-25 21:00:00', -10.1, 3, 1),
(822, '2020-01-24 15:48:28', '2020-01-26 03:00:00', -8, 3, 1),
(823, '2020-01-24 15:48:28', '2020-01-26 09:00:00', -6, 3, 2),
(824, '2020-01-24 15:48:28', '2020-01-26 15:00:00', -9, 3, 1),
(825, '2020-01-24 15:48:28', '2020-01-26 21:00:00', -9, 3, 1),
(826, '2020-01-24 15:48:28', '2020-01-27 03:00:00', -11, 3, 1),
(827, '2020-01-24 15:48:28', '2020-01-27 09:00:00', -12, 3, 1),
(828, '2020-01-24 15:48:28', '2020-01-27 15:00:00', -15.6, 3, 1),
(829, '2020-01-24 15:48:28', '2020-01-27 21:00:00', -16.3, 3, 1),
(830, '2020-01-24 15:48:28', '2020-01-28 03:00:00', -19, 3, 17),
(831, '2020-01-24 15:48:28', '2020-01-28 09:00:00', -18, 3, 17),
(832, '2020-01-24 15:48:28', '2020-01-28 15:00:00', -21.6, 3, 17),
(833, '2020-01-24 15:48:28', '2020-01-28 21:00:00', -22.7, 3, 2),
(834, '2020-01-24 15:48:28', '2020-01-29 03:00:00', -22, 3, 2),
(835, '2020-01-24 15:48:28', '2020-01-29 09:00:00', -17.3, 3, 2),
(836, '2020-01-24 15:48:28', '2020-01-29 15:00:00', -19, 3, 2),
(837, '2020-01-24 15:48:28', '2020-01-29 21:00:00', -17.8, 3, 1),
(838, '2020-01-24 15:48:28', '2020-01-30 03:00:00', -16, 3, 1),
(839, '2020-01-24 15:48:28', '2020-01-30 09:00:00', -12.1, 3, 1),
(840, '2020-01-24 15:48:28', '2020-01-30 15:00:00', -13, 3, 1),
(841, '2020-01-24 15:48:28', '2020-01-24 00:00:00', 4, 5, 8),
(842, '2020-01-24 15:48:28', '2020-01-24 06:00:00', 3, 5, 8),
(843, '2020-01-24 15:48:28', '2020-01-24 12:00:00', 5, 5, 8),
(844, '2020-01-24 15:48:28', '2020-01-24 18:00:00', 5.4, 5, 8),
(845, '2020-01-24 15:48:28', '2020-01-25 00:00:00', 5.7, 5, 8),
(846, '2020-01-24 15:48:28', '2020-01-25 06:00:00', 5, 5, 8),
(847, '2020-01-24 15:48:28', '2020-01-25 12:00:00', 5, 5, 8),
(848, '2020-01-24 15:48:28', '2020-01-25 18:00:00', 4, 5, 8),
(849, '2020-01-24 15:48:28', '2020-01-26 00:00:00', 4, 5, 8),
(850, '2020-01-24 15:48:28', '2020-01-26 06:00:00', 2.9, 5, 2),
(851, '2020-01-24 15:48:28', '2020-01-26 12:00:00', 4.7, 5, 2),
(852, '2020-01-24 15:48:28', '2020-01-26 18:00:00', 4, 5, 8),
(853, '2020-01-24 15:48:28', '2020-01-27 00:00:00', 4, 5, 8),
(854, '2020-01-24 15:48:28', '2020-01-27 06:00:00', 3, 5, 2),
(855, '2020-01-24 15:48:28', '2020-01-27 12:00:00', 2.3, 5, 2),
(856, '2020-01-24 15:48:28', '2020-01-27 18:00:00', 3.9, 5, 8),
(857, '2020-01-24 15:48:28', '2020-01-28 00:00:00', 4, 5, 8),
(858, '2020-01-24 15:48:28', '2020-01-28 06:00:00', 3, 5, 8),
(859, '2020-01-24 15:48:28', '2020-01-28 12:00:00', 4.7, 5, 2),
(860, '2020-01-24 15:48:28', '2020-01-28 18:00:00', 2, 5, 8),
(861, '2020-01-24 15:48:28', '2020-01-29 00:00:00', 4, 5, 8),
(862, '2020-01-24 15:48:28', '2020-01-29 06:00:00', 1.6, 5, 8),
(863, '2020-01-24 15:48:28', '2020-01-29 12:00:00', 3.7, 5, 8),
(864, '2020-01-24 15:48:28', '2020-01-29 18:00:00', 3, 5, 8),
(865, '2020-01-24 15:48:28', '2020-01-30 00:00:00', 3, 5, 8),
(866, '2020-01-24 15:48:28', '2020-01-30 06:00:00', 4, 5, 8),
(867, '2020-01-24 15:48:28', '2020-01-30 12:00:00', 5.1, 5, 8),
(868, '2020-01-24 15:48:28', '2020-01-30 18:00:00', 2, 5, 8),
(869, '2020-01-24 15:48:28', '2020-01-24 00:00:00', -5.8, 11, 17),
(870, '2020-01-24 15:48:28', '2020-01-24 06:00:00', -5, 11, 1),
(871, '2020-01-24 15:48:28', '2020-01-24 12:00:00', -1, 11, 1),
(872, '2020-01-24 15:48:28', '2020-01-24 18:00:00', 1.7, 11, 7),
(873, '2020-01-24 15:48:28', '2020-01-25 00:00:00', 2.3, 11, 8),
(874, '2020-01-24 15:48:28', '2020-01-25 06:00:00', 1, 11, 1),
(875, '2020-01-24 15:48:28', '2020-01-25 12:00:00', 1, 11, 1),
(876, '2020-01-24 15:48:28', '2020-01-25 18:00:00', -1.3, 11, 1),
(877, '2020-01-24 15:48:28', '2020-01-26 00:00:00', -2.2, 11, 1),
(878, '2020-01-24 15:48:28', '2020-01-26 06:00:00', -2, 11, 2),
(879, '2020-01-24 15:48:28', '2020-01-26 12:00:00', -1, 11, 2),
(880, '2020-01-24 15:48:28', '2020-01-26 18:00:00', 0.3, 11, 1),
(881, '2020-01-24 15:48:28', '2020-01-27 00:00:00', 2, 11, 7),
(882, '2020-01-24 15:48:28', '2020-01-27 06:00:00', 2.2, 11, 8),
(883, '2020-01-24 15:48:28', '2020-01-27 12:00:00', 1, 11, 7),
(884, '2020-01-24 15:48:28', '2020-01-27 18:00:00', -2.1, 11, 1),
(885, '2020-01-24 15:48:28', '2020-01-28 00:00:00', -2.3, 11, 1),
(886, '2020-01-24 15:48:28', '2020-01-28 06:00:00', -1, 11, 1),
(887, '2020-01-24 15:48:28', '2020-01-28 12:00:00', 0.8, 11, 1),
(888, '2020-01-24 15:48:28', '2020-01-28 18:00:00', 0, 11, 1),
(889, '2020-01-24 15:48:28', '2020-01-29 00:00:00', -0.3, 11, 1),
(890, '2020-01-24 15:48:28', '2020-01-29 06:00:00', 0, 11, 1),
(891, '2020-01-24 15:48:28', '2020-01-29 12:00:00', 1.1, 11, 1),
(892, '2020-01-24 15:48:28', '2020-01-29 18:00:00', 1, 11, 1),
(893, '2020-01-24 15:48:28', '2020-01-30 00:00:00', 0.7, 11, 1),
(894, '2020-01-24 15:48:28', '2020-01-30 06:00:00', -1, 11, 2),
(895, '2020-01-24 15:48:28', '2020-01-30 12:00:00', 0, 11, 2),
(896, '2020-01-24 15:48:28', '2020-01-30 18:00:00', -3.2, 11, 2),
(897, '2020-01-24 15:48:28', '2020-01-23 21:00:00', -2.4, 14, 1),
(898, '2020-01-24 15:48:28', '2020-01-24 03:00:00', -2, 14, 1),
(899, '2020-01-24 15:48:28', '2020-01-24 09:00:00', -0.5, 14, 1),
(900, '2020-01-24 15:48:28', '2020-01-24 15:00:00', -1, 14, 1),
(901, '2020-01-24 15:48:28', '2020-01-24 21:00:00', -1, 14, 1),
(902, '2020-01-24 15:48:28', '2020-01-25 03:00:00', -2, 14, 1),
(903, '2020-01-24 15:48:28', '2020-01-25 09:00:00', -0.2, 14, 1),
(904, '2020-01-24 15:48:28', '2020-01-25 15:00:00', -3.5, 14, 1),
(905, '2020-01-24 15:48:28', '2020-01-25 21:00:00', -4.9, 14, 1),
(906, '2020-01-24 15:48:28', '2020-01-26 03:00:00', -10, 14, 2),
(907, '2020-01-24 15:48:28', '2020-01-26 09:00:00', -9, 14, 1),
(908, '2020-01-24 15:48:28', '2020-01-26 15:00:00', -11.6, 14, 17),
(909, '2020-01-24 15:48:28', '2020-01-26 21:00:00', -12.3, 14, 2),
(910, '2020-01-24 15:48:28', '2020-01-27 03:00:00', -12, 14, 2),
(911, '2020-01-24 15:48:28', '2020-01-27 09:00:00', -10, 14, 1),
(912, '2020-01-24 15:48:28', '2020-01-27 15:00:00', -7, 14, 1),
(913, '2020-01-24 15:48:28', '2020-01-27 21:00:00', -4.4, 14, 1),
(914, '2020-01-24 15:48:29', '2020-01-28 03:00:00', -5, 14, 1),
(915, '2020-01-24 15:48:29', '2020-01-28 09:00:00', -6, 14, 1),
(916, '2020-01-24 15:48:29', '2020-01-28 15:00:00', -8.2, 14, 1),
(917, '2020-01-24 15:48:29', '2020-01-28 21:00:00', -6.3, 14, 1),
(918, '2020-01-24 15:48:29', '2020-01-29 03:00:00', -9, 14, 1),
(919, '2020-01-24 15:48:29', '2020-01-29 09:00:00', -13, 14, 1),
(920, '2020-01-24 15:48:29', '2020-01-29 15:00:00', -16.6, 14, 1),
(921, '2020-01-24 15:48:29', '2020-01-29 21:00:00', -17.5, 14, 1),
(922, '2020-01-24 15:48:29', '2020-01-30 03:00:00', -19, 14, 2),
(923, '2020-01-24 15:48:29', '2020-01-30 09:00:00', -21, 14, 17),
(924, '2020-01-24 15:48:29', '2020-01-30 15:00:00', -23.8, 14, 17),
(925, '2020-01-24 15:48:29', '2020-01-24 00:00:00', -8, 8, 1),
(926, '2020-01-24 15:48:29', '2020-01-24 06:00:00', -10.1, 8, 1),
(927, '2020-01-24 15:48:29', '2020-01-24 12:00:00', -7, 8, 1),
(928, '2020-01-24 15:48:29', '2020-01-24 18:00:00', -2.3, 8, 1),
(929, '2020-01-24 15:48:29', '2020-01-25 00:00:00', -1, 8, 1),
(930, '2020-01-24 15:48:29', '2020-01-25 06:00:00', -0.1, 8, 1),
(931, '2020-01-24 15:48:29', '2020-01-25 12:00:00', -1, 8, 1),
(932, '2020-01-24 15:48:29', '2020-01-25 18:00:00', -1.6, 8, 1),
(933, '2020-01-24 15:48:29', '2020-01-26 00:00:00', -2.7, 8, 1),
(934, '2020-01-24 15:48:29', '2020-01-26 06:00:00', -4, 8, 1),
(935, '2020-01-24 15:48:29', '2020-01-26 12:00:00', -4.8, 8, 1),
(936, '2020-01-24 15:48:29', '2020-01-26 18:00:00', -4, 8, 1),
(937, '2020-01-24 15:48:29', '2020-01-27 00:00:00', -5, 8, 1),
(938, '2020-01-24 15:48:29', '2020-01-27 06:00:00', -1.6, 8, 1),
(939, '2020-01-24 15:48:29', '2020-01-27 12:00:00', -9, 8, 17),
(940, '2020-01-24 15:48:29', '2020-01-27 18:00:00', -19.3, 8, 17),
(941, '2020-01-24 15:48:29', '2020-01-28 00:00:00', -21.6, 8, 17),
(942, '2020-01-24 15:48:29', '2020-01-28 06:00:00', -20, 8, 2),
(943, '2020-01-24 15:48:29', '2020-01-28 12:00:00', -14, 8, 1),
(944, '2020-01-24 15:48:29', '2020-01-28 18:00:00', -8.2, 8, 1),
(945, '2020-01-24 15:48:29', '2020-01-29 00:00:00', -4.7, 8, 1),
(946, '2020-01-24 15:48:29', '2020-01-29 06:00:00', -1, 8, 1),
(947, '2020-01-24 15:48:29', '2020-01-29 12:00:00', 0.2, 8, 1),
(948, '2020-01-24 15:48:29', '2020-01-29 18:00:00', 0, 8, 1),
(949, '2020-01-24 15:48:29', '2020-01-30 00:00:00', -0.1, 8, 1),
(950, '2020-01-24 15:48:29', '2020-01-30 06:00:00', 0, 8, 1),
(951, '2020-01-24 15:48:29', '2020-01-30 12:00:00', 0.6, 8, 1),
(952, '2020-01-24 15:48:29', '2020-01-30 18:00:00', 0, 8, 1),
(953, '2020-01-24 15:48:29', '2020-01-23 21:00:00', -3.9, 16, 1),
(954, '2020-01-24 15:48:29', '2020-01-24 03:00:00', -7, 16, 1),
(955, '2020-01-24 15:48:29', '2020-01-24 09:00:00', -8, 16, 1),
(956, '2020-01-24 15:48:29', '2020-01-24 15:00:00', -9.4, 16, 2),
(957, '2020-01-24 15:48:29', '2020-01-24 21:00:00', -11.5, 16, 1),
(958, '2020-01-24 15:48:29', '2020-01-25 03:00:00', -10, 16, 1),
(959, '2020-01-24 15:48:29', '2020-01-25 09:00:00', -7, 16, 1),
(960, '2020-01-24 15:48:29', '2020-01-25 15:00:00', -2.7, 16, 1),
(961, '2020-01-24 15:48:29', '2020-01-25 21:00:00', -2, 16, 1),
(962, '2020-01-24 15:48:29', '2020-01-26 03:00:00', -1, 16, 1),
(963, '2020-01-24 15:48:29', '2020-01-26 09:00:00', -0.8, 16, 1),
(964, '2020-01-24 15:48:29', '2020-01-26 15:00:00', -3.7, 16, 1),
(965, '2020-01-24 15:48:29', '2020-01-26 21:00:00', -8, 16, 1),
(966, '2020-01-24 15:48:29', '2020-01-27 03:00:00', -7.8, 16, 1),
(967, '2020-01-24 15:48:29', '2020-01-27 09:00:00', -5, 16, 1),
(968, '2020-01-24 15:48:29', '2020-01-27 15:00:00', -2.1, 16, 1),
(969, '2020-01-24 15:48:29', '2020-01-27 21:00:00', -6.5, 16, 17),
(970, '2020-01-24 15:48:29', '2020-01-28 03:00:00', -16, 16, 17),
(971, '2020-01-24 15:48:29', '2020-01-28 09:00:00', -16, 16, 17),
(972, '2020-01-24 15:48:29', '2020-01-28 15:00:00', -19.9, 16, 17),
(973, '2020-01-24 15:48:29', '2020-01-28 21:00:00', -19.1, 16, 17),
(974, '2020-01-24 15:48:29', '2020-01-29 03:00:00', -12, 16, 1),
(975, '2020-01-24 15:48:29', '2020-01-29 09:00:00', -6, 16, 1),
(976, '2020-01-24 15:48:29', '2020-01-29 15:00:00', -0.9, 16, 1),
(977, '2020-01-24 15:48:29', '2020-01-29 21:00:00', -1.4, 16, 1),
(978, '2020-01-24 15:48:29', '2020-01-30 03:00:00', -3, 16, 2),
(979, '2020-01-24 15:48:29', '2020-01-30 09:00:00', -3, 16, 2),
(980, '2020-01-24 15:48:29', '2020-01-30 15:00:00', -4.6, 16, 2),
(981, '2020-01-24 15:48:29', '2020-01-23 21:00:00', -6, 18, 2),
(982, '2020-01-24 15:48:29', '2020-01-24 03:00:00', -8, 18, 2),
(983, '2020-01-24 15:48:29', '2020-01-24 09:00:00', -9, 18, 1),
(984, '2020-01-24 15:48:29', '2020-01-24 15:00:00', -10.1, 18, 1),
(985, '2020-01-24 15:48:29', '2020-01-24 21:00:00', -9.9, 18, 1),
(986, '2020-01-24 15:48:29', '2020-01-25 03:00:00', -9, 18, 1),
(987, '2020-01-24 15:48:29', '2020-01-25 09:00:00', -9, 18, 1),
(988, '2020-01-24 15:48:29', '2020-01-25 15:00:00', -8.4, 18, 1),
(989, '2020-01-24 15:48:29', '2020-01-25 21:00:00', -8, 18, 1),
(990, '2020-01-24 15:48:29', '2020-01-26 03:00:00', -8, 18, 1),
(991, '2020-01-24 15:48:29', '2020-01-26 09:00:00', -6.3, 18, 1),
(992, '2020-01-24 15:48:29', '2020-01-26 15:00:00', -10.1, 18, 1),
(993, '2020-01-24 15:48:29', '2020-01-26 21:00:00', -11.1, 18, 1),
(994, '2020-01-24 15:48:29', '2020-01-27 03:00:00', -14, 18, 1),
(995, '2020-01-24 15:48:29', '2020-01-27 09:00:00', -14, 18, 1),
(996, '2020-01-24 15:48:29', '2020-01-27 15:00:00', -17.1, 18, 1),
(997, '2020-01-24 15:48:29', '2020-01-27 21:00:00', -17.9, 18, 1),
(998, '2020-01-24 15:48:29', '2020-01-28 03:00:00', -22, 18, 2),
(999, '2020-01-24 15:48:29', '2020-01-28 09:00:00', -22, 18, 17),
(1000, '2020-01-24 15:48:29', '2020-01-28 15:00:00', -24.8, 18, 17),
(1001, '2020-01-24 15:48:29', '2020-01-28 21:00:00', -24.5, 18, 2),
(1002, '2020-01-24 15:48:29', '2020-01-29 03:00:00', -22, 18, 2),
(1003, '2020-01-24 15:48:29', '2020-01-29 09:00:00', -17, 18, 1),
(1004, '2020-01-24 15:48:29', '2020-01-29 15:00:00', -14.9, 18, 1),
(1005, '2020-01-24 15:48:29', '2020-01-29 21:00:00', -15, 18, 2),
(1006, '2020-01-24 15:48:29', '2020-01-30 03:00:00', -16.8, 18, 17),
(1007, '2020-01-24 15:48:29', '2020-01-30 09:00:00', -15, 18, 2),
(1008, '2020-01-24 15:48:29', '2020-01-30 15:00:00', -11.7, 18, 2),
(1009, '2020-01-24 15:48:29', '2020-01-23 21:00:00', -0.7, 10, 1),
(1010, '2020-01-24 15:48:29', '2020-01-24 03:00:00', -2, 10, 1),
(1011, '2020-01-24 15:48:29', '2020-01-24 09:00:00', -2, 10, 1),
(1012, '2020-01-24 15:48:29', '2020-01-24 15:00:00', -3.8, 10, 1),
(1013, '2020-01-24 15:48:29', '2020-01-24 21:00:00', -1.7, 10, 1),
(1014, '2020-01-24 15:48:29', '2020-01-25 03:00:00', -5, 10, 1),
(1015, '2020-01-24 15:48:29', '2020-01-25 09:00:00', -8, 10, 1),
(1016, '2020-01-24 15:48:29', '2020-01-25 15:00:00', -9.6, 10, 2),
(1017, '2020-01-24 15:48:29', '2020-01-25 21:00:00', -13, 10, 17),
(1018, '2020-01-24 15:48:29', '2020-01-26 03:00:00', -13.2, 10, 2),
(1019, '2020-01-24 15:48:29', '2020-01-26 09:00:00', -9, 10, 1),
(1020, '2020-01-24 15:48:29', '2020-01-26 15:00:00', -6.4, 10, 1),
(1021, '2020-01-24 15:48:29', '2020-01-26 21:00:00', -6.1, 10, 1),
(1022, '2020-01-24 15:48:29', '2020-01-27 03:00:00', -5, 10, 1),
(1023, '2020-01-24 15:48:29', '2020-01-27 09:00:00', -2.3, 10, 1),
(1024, '2020-01-24 15:48:29', '2020-01-27 15:00:00', -4, 10, 1),
(1025, '2020-01-24 15:48:29', '2020-01-27 21:00:00', -6.9, 10, 1),
(1026, '2020-01-24 15:48:29', '2020-01-28 03:00:00', -9, 10, 1),
(1027, '2020-01-24 15:48:29', '2020-01-28 09:00:00', -11, 10, 1),
(1028, '2020-01-24 15:48:29', '2020-01-28 15:00:00', -13, 10, 2),
(1029, '2020-01-24 15:48:29', '2020-01-28 21:00:00', -15.7, 10, 1),
(1030, '2020-01-24 15:48:29', '2020-01-29 03:00:00', -19, 10, 1),
(1031, '2020-01-24 15:48:29', '2020-01-29 09:00:00', -18, 10, 17),
(1032, '2020-01-24 15:48:29', '2020-01-29 15:00:00', -22.2, 10, 17),
(1033, '2020-01-24 15:48:29', '2020-01-29 21:00:00', -23.7, 10, 2),
(1034, '2020-01-24 15:48:29', '2020-01-30 03:00:00', -22, 10, 2),
(1035, '2020-01-24 15:48:29', '2020-01-30 09:00:00', -19, 10, 2),
(1036, '2020-01-24 15:48:29', '2020-01-30 15:00:00', -16.6, 10, 2),
(1037, '2020-01-24 15:48:29', '2020-01-24 00:00:00', -4.9, 20, 2),
(1038, '2020-01-24 15:48:30', '2020-01-24 06:00:00', -7, 20, 2),
(1039, '2020-01-24 15:48:30', '2020-01-24 12:00:00', -7, 20, 1),
(1040, '2020-01-24 15:48:30', '2020-01-24 18:00:00', -10.5, 20, 2),
(1041, '2020-01-24 15:48:30', '2020-01-25 00:00:00', -10.9, 20, 1),
(1042, '2020-01-24 15:48:30', '2020-01-25 06:00:00', -5, 20, 1),
(1043, '2020-01-24 15:48:30', '2020-01-25 12:00:00', 0.4, 20, 1),
(1044, '2020-01-24 15:48:30', '2020-01-25 18:00:00', -1, 20, 1),
(1045, '2020-01-24 15:48:30', '2020-01-26 00:00:00', -2, 20, 1),
(1046, '2020-01-24 15:48:30', '2020-01-26 06:00:00', -2.1, 20, 1),
(1047, '2020-01-24 15:48:30', '2020-01-26 12:00:00', -3, 20, 1),
(1048, '2020-01-24 15:48:30', '2020-01-26 18:00:00', -5.2, 20, 1),
(1049, '2020-01-24 15:48:30', '2020-01-27 00:00:00', -6, 20, 1),
(1050, '2020-01-24 15:48:30', '2020-01-27 06:00:00', -6, 20, 1),
(1051, '2020-01-24 15:48:30', '2020-01-27 12:00:00', 0.2, 20, 1),
(1052, '2020-01-24 15:48:30', '2020-01-27 18:00:00', -7, 20, 2),
(1053, '2020-01-24 15:48:30', '2020-01-28 00:00:00', -12.1, 20, 17),
(1054, '2020-01-24 15:48:30', '2020-01-28 06:00:00', -17.4, 20, 2),
(1055, '2020-01-24 15:48:30', '2020-01-28 12:00:00', -15, 20, 2),
(1056, '2020-01-24 15:48:30', '2020-01-28 18:00:00', -13, 20, 2),
(1057, '2020-01-24 15:48:30', '2020-01-29 00:00:00', -11.4, 20, 1),
(1058, '2020-01-24 15:48:30', '2020-01-29 06:00:00', -8, 20, 1),
(1059, '2020-01-24 15:48:30', '2020-01-29 12:00:00', -3.9, 20, 1),
(1060, '2020-01-24 15:48:30', '2020-01-29 18:00:00', -5, 20, 1),
(1061, '2020-01-24 15:48:30', '2020-01-30 00:00:00', -3.7, 20, 1),
(1062, '2020-01-24 15:48:30', '2020-01-30 06:00:00', -2, 20, 2),
(1063, '2020-01-24 15:48:30', '2020-01-30 12:00:00', 0, 20, 1),
(1064, '2020-01-24 15:48:30', '2020-01-30 18:00:00', 0.5, 20, 1),
(1065, '2020-01-24 15:48:30', '2020-01-24 00:00:00', -8, 21, 17),
(1066, '2020-01-24 15:48:30', '2020-01-24 06:00:00', -9, 21, 17),
(1067, '2020-01-24 15:48:30', '2020-01-24 12:00:00', -8, 21, 17),
(1068, '2020-01-24 15:48:30', '2020-01-24 18:00:00', -6.6, 21, 2),
(1069, '2020-01-24 15:48:30', '2020-01-25 00:00:00', -4.7, 21, 1),
(1070, '2020-01-24 15:48:30', '2020-01-25 06:00:00', 0, 21, 1),
(1071, '2020-01-24 15:48:30', '2020-01-25 12:00:00', 1.5, 21, 7),
(1072, '2020-01-24 15:48:30', '2020-01-25 18:00:00', 1, 21, 7),
(1073, '2020-01-24 15:48:30', '2020-01-26 00:00:00', 1.2, 21, 1),
(1074, '2020-01-24 15:48:30', '2020-01-26 06:00:00', -2, 21, 1),
(1075, '2020-01-24 15:48:30', '2020-01-26 12:00:00', -2, 21, 17),
(1076, '2020-01-24 15:48:30', '2020-01-26 18:00:00', -4.7, 21, 17),
(1077, '2020-01-24 15:48:30', '2020-01-27 00:00:00', -4.8, 21, 2),
(1078, '2020-01-24 15:48:30', '2020-01-27 06:00:00', -3, 21, 1),
(1079, '2020-01-24 15:48:30', '2020-01-27 12:00:00', 1, 21, 2),
(1080, '2020-01-24 15:48:30', '2020-01-27 18:00:00', 0.7, 21, 1),
(1081, '2020-01-24 15:48:30', '2020-01-28 00:00:00', 0.4, 21, 1),
(1082, '2020-01-24 15:48:30', '2020-01-28 06:00:00', -2.2, 21, 1),
(1083, '2020-01-24 15:48:30', '2020-01-28 12:00:00', -1, 21, 1),
(1084, '2020-01-24 15:48:30', '2020-01-28 18:00:00', 0, 21, 1),
(1085, '2020-01-24 15:48:30', '2020-01-29 00:00:00', -1, 21, 1),
(1086, '2020-01-24 15:48:30', '2020-01-29 06:00:00', -0.7, 21, 1),
(1087, '2020-01-24 15:48:30', '2020-01-29 12:00:00', 0, 21, 1),
(1088, '2020-01-24 15:48:30', '2020-01-29 18:00:00', 0.7, 21, 2),
(1089, '2020-01-24 15:48:30', '2020-01-30 00:00:00', 1, 21, 2),
(1090, '2020-01-24 15:48:30', '2020-01-30 06:00:00', 0, 21, 7),
(1091, '2020-01-24 15:48:30', '2020-01-30 12:00:00', 1.3, 21, 7),
(1092, '2020-01-24 15:48:30', '2020-01-30 18:00:00', -4.1, 21, 2),
(1093, '2020-01-24 15:48:30', '2020-01-24 00:00:00', -9, 12, 1),
(1094, '2020-01-24 15:48:30', '2020-01-24 06:00:00', -13.4, 12, 1),
(1095, '2020-01-24 15:48:30', '2020-01-24 12:00:00', -11, 12, 17),
(1096, '2020-01-24 15:48:30', '2020-01-24 18:00:00', -5.6, 12, 1),
(1097, '2020-01-24 15:48:30', '2020-01-25 00:00:00', -3.2, 12, 1),
(1098, '2020-01-24 15:48:30', '2020-01-25 06:00:00', 1, 12, 1),
(1099, '2020-01-24 15:48:30', '2020-01-25 12:00:00', 2.1, 12, 7),
(1100, '2020-01-24 15:48:30', '2020-01-25 18:00:00', 1, 12, 1),
(1101, '2020-01-24 15:48:30', '2020-01-26 00:00:00', -0.2, 12, 1),
(1102, '2020-01-24 15:48:30', '2020-01-26 06:00:00', -3, 12, 1),
(1103, '2020-01-24 15:48:30', '2020-01-26 12:00:00', -3, 12, 1),
(1104, '2020-01-24 15:48:30', '2020-01-26 18:00:00', -5.3, 12, 1),
(1105, '2020-01-24 15:48:30', '2020-01-27 00:00:00', -5, 12, 1),
(1106, '2020-01-24 15:48:30', '2020-01-27 06:00:00', -1, 12, 1),
(1107, '2020-01-24 15:48:30', '2020-01-27 12:00:00', 1.4, 12, 1),
(1108, '2020-01-24 15:48:30', '2020-01-27 18:00:00', -1, 12, 1),
(1109, '2020-01-24 15:48:30', '2020-01-28 00:00:00', -4.7, 12, 1),
(1110, '2020-01-24 15:48:30', '2020-01-28 06:00:00', -4, 12, 1),
(1111, '2020-01-24 15:48:30', '2020-01-28 12:00:00', -2.2, 12, 1),
(1112, '2020-01-24 15:48:30', '2020-01-28 18:00:00', -2, 12, 1),
(1113, '2020-01-24 15:48:30', '2020-01-29 00:00:00', -1.6, 12, 1),
(1114, '2020-01-24 15:48:30', '2020-01-29 06:00:00', -1, 12, 1),
(1115, '2020-01-24 15:48:30', '2020-01-29 12:00:00', 0.4, 12, 1),
(1116, '2020-01-24 15:48:30', '2020-01-29 18:00:00', 0, 12, 1),
(1117, '2020-01-24 15:48:30', '2020-01-30 00:00:00', 0, 12, 2),
(1118, '2020-01-24 15:48:30', '2020-01-30 06:00:00', 1, 12, 1),
(1119, '2020-01-24 15:48:30', '2020-01-30 12:00:00', 1, 12, 1),
(1120, '2020-01-24 15:48:30', '2020-01-30 18:00:00', -0.7, 12, 2),
(1121, '2020-01-24 15:48:30', '2020-01-23 21:00:00', -7, 23, 2),
(1122, '2020-01-24 15:48:30', '2020-01-24 03:00:00', -7, 23, 1),
(1123, '2020-01-24 15:48:30', '2020-01-24 09:00:00', -4.6, 23, 17),
(1124, '2020-01-24 15:48:30', '2020-01-24 15:00:00', -11, 23, 2),
(1125, '2020-01-24 15:48:30', '2020-01-24 21:00:00', -10.6, 23, 1),
(1126, '2020-01-24 15:48:30', '2020-01-25 03:00:00', -13, 23, 17),
(1127, '2020-01-24 15:48:30', '2020-01-25 09:00:00', -13, 23, 17),
(1128, '2020-01-24 15:48:30', '2020-01-25 15:00:00', -14.8, 23, 2),
(1129, '2020-01-24 15:48:30', '2020-01-25 21:00:00', -12.8, 23, 1),
(1130, '2020-01-24 15:48:30', '2020-01-26 03:00:00', -10, 23, 1),
(1131, '2020-01-24 15:48:30', '2020-01-26 09:00:00', -8.9, 23, 2),
(1132, '2020-01-24 15:48:30', '2020-01-26 15:00:00', -10, 23, 2),
(1133, '2020-01-24 15:48:30', '2020-01-26 21:00:00', -10.2, 23, 1),
(1134, '2020-01-24 15:48:30', '2020-01-27 03:00:00', -12, 23, 1),
(1135, '2020-01-24 15:48:30', '2020-01-27 09:00:00', -14, 23, 2),
(1136, '2020-01-24 15:48:30', '2020-01-27 15:00:00', -15.4, 23, 1),
(1137, '2020-01-24 15:48:30', '2020-01-27 21:00:00', -18, 23, 2),
(1138, '2020-01-24 15:48:30', '2020-01-28 03:00:00', -19.7, 23, 1),
(1139, '2020-01-24 15:48:30', '2020-01-28 09:00:00', -16.6, 23, 1),
(1140, '2020-01-24 15:48:30', '2020-01-28 15:00:00', -19, 23, 17),
(1141, '2020-01-24 15:48:30', '2020-01-28 21:00:00', -21.3, 23, 17),
(1142, '2020-01-24 15:48:30', '2020-01-29 03:00:00', -25.1, 23, 17),
(1143, '2020-01-24 15:48:30', '2020-01-29 09:00:00', -22, 23, 2),
(1144, '2020-01-24 15:48:31', '2020-01-29 15:00:00', -23, 23, 2),
(1145, '2020-01-24 15:48:31', '2020-01-29 21:00:00', -21.5, 23, 2),
(1146, '2020-01-24 15:48:31', '2020-01-30 03:00:00', -18, 23, 2),
(1147, '2020-01-24 15:48:31', '2020-01-30 09:00:00', -14, 23, 1),
(1148, '2020-01-24 15:48:31', '2020-01-30 15:00:00', -10.9, 23, 1),
(1149, '2020-01-24 15:48:31', '2020-01-23 21:00:00', -14, 24, 17),
(1150, '2020-01-24 15:48:31', '2020-01-24 03:00:00', -14.5, 24, 17),
(1151, '2020-01-24 15:48:31', '2020-01-24 09:00:00', -6.3, 24, 2),
(1152, '2020-01-24 15:48:31', '2020-01-24 15:00:00', -10, 24, 2),
(1153, '2020-01-24 15:48:31', '2020-01-24 21:00:00', -13, 24, 1),
(1154, '2020-01-24 15:48:31', '2020-01-25 03:00:00', -14.4, 24, 17),
(1155, '2020-01-24 15:48:31', '2020-01-25 09:00:00', -12, 24, 1),
(1156, '2020-01-24 15:48:31', '2020-01-25 15:00:00', -9.1, 24, 1),
(1157, '2020-01-24 15:48:31', '2020-01-25 21:00:00', -10, 24, 1),
(1158, '2020-01-24 15:48:31', '2020-01-26 03:00:00', -10, 24, 2),
(1159, '2020-01-24 15:48:31', '2020-01-26 09:00:00', -7.2, 24, 2),
(1160, '2020-01-24 15:48:31', '2020-01-26 15:00:00', -10, 24, 2),
(1161, '2020-01-24 15:48:31', '2020-01-26 21:00:00', -9.5, 24, 2),
(1162, '2020-01-24 15:48:31', '2020-01-27 03:00:00', -10, 24, 1),
(1163, '2020-01-24 15:48:31', '2020-01-27 09:00:00', -11, 24, 2),
(1164, '2020-01-24 15:48:31', '2020-01-27 15:00:00', -16.1, 24, 1),
(1165, '2020-01-24 15:48:31', '2020-01-27 21:00:00', -14.4, 24, 1),
(1166, '2020-01-24 15:48:31', '2020-01-28 03:00:00', -18, 24, 17),
(1167, '2020-01-24 15:48:31', '2020-01-28 09:00:00', -18, 24, 17),
(1168, '2020-01-24 15:48:31', '2020-01-28 15:00:00', -23.2, 24, 17),
(1169, '2020-01-24 15:48:31', '2020-01-28 21:00:00', -25.3, 24, 17),
(1170, '2020-01-24 15:48:31', '2020-01-29 03:00:00', -22, 24, 2),
(1171, '2020-01-24 15:48:31', '2020-01-29 09:00:00', -15, 24, 2),
(1172, '2020-01-24 15:48:31', '2020-01-29 15:00:00', -14.1, 24, 2),
(1173, '2020-01-24 15:48:31', '2020-01-29 21:00:00', -13.5, 24, 1),
(1174, '2020-01-24 15:48:31', '2020-01-30 03:00:00', -11, 24, 1),
(1175, '2020-01-24 15:48:31', '2020-01-30 09:00:00', -5.4, 24, 1),
(1176, '2020-01-24 15:48:31', '2020-01-30 15:00:00', -6, 24, 2),
(1177, '2020-01-24 15:48:31', '2020-01-24 00:00:00', -2, 13, 2),
(1178, '2020-01-24 15:48:31', '2020-01-24 06:00:00', -4.1, 13, 17),
(1179, '2020-01-24 15:48:31', '2020-01-24 12:00:00', -0.4, 13, 17),
(1180, '2020-01-24 15:48:31', '2020-01-24 18:00:00', -3, 13, 17),
(1181, '2020-01-24 15:48:31', '2020-01-25 00:00:00', -0.9, 13, 2),
(1182, '2020-01-24 15:48:31', '2020-01-25 06:00:00', 2, 13, 7),
(1183, '2020-01-24 15:48:31', '2020-01-25 12:00:00', 5.2, 13, 2),
(1184, '2020-01-24 15:48:31', '2020-01-25 18:00:00', 3, 13, 17),
(1185, '2020-01-24 15:48:31', '2020-01-26 00:00:00', 1, 13, 8),
(1186, '2020-01-24 15:48:31', '2020-01-26 06:00:00', 2, 13, 2),
(1187, '2020-01-24 15:48:31', '2020-01-26 12:00:00', 3.8, 13, 2),
(1188, '2020-01-24 15:48:31', '2020-01-26 18:00:00', 0.4, 13, 2),
(1189, '2020-01-24 15:48:31', '2020-01-27 00:00:00', -0.6, 13, 2),
(1190, '2020-01-24 15:48:31', '2020-01-27 06:00:00', 0, 13, 2),
(1191, '2020-01-24 15:48:31', '2020-01-27 12:00:00', 5, 13, 17),
(1192, '2020-01-24 15:48:31', '2020-01-27 18:00:00', 3, 13, 2),
(1193, '2020-01-24 15:48:31', '2020-01-28 00:00:00', 2, 13, 2),
(1194, '2020-01-24 15:48:31', '2020-01-28 06:00:00', 3, 13, 8),
(1195, '2020-01-24 15:48:31', '2020-01-28 12:00:00', 5.9, 13, 8),
(1196, '2020-01-24 15:48:31', '2020-01-28 18:00:00', 6, 13, 8),
(1197, '2020-01-24 15:48:31', '2020-01-29 00:00:00', 4, 13, 8),
(1198, '2020-01-24 15:48:31', '2020-01-29 06:00:00', 2.9, 13, 2),
(1199, '2020-01-24 15:48:31', '2020-01-29 12:00:00', 6.1, 13, 2),
(1200, '2020-01-24 15:48:31', '2020-01-29 18:00:00', 6, 13, 8),
(1201, '2020-01-24 15:48:31', '2020-01-30 00:00:00', 6, 13, 8),
(1202, '2020-01-24 15:48:31', '2020-01-30 06:00:00', 4, 13, 8),
(1203, '2020-01-24 15:48:31', '2020-01-30 12:00:00', 7.1, 13, 2),
(1204, '2020-01-24 15:48:31', '2020-01-30 18:00:00', 2, 13, 8),
(1205, '2020-01-24 15:48:31', '2020-01-24 00:00:00', 0.5, 15, 1),
(1206, '2020-01-24 15:48:31', '2020-01-24 06:00:00', 2, 15, 7),
(1207, '2020-01-24 15:48:31', '2020-01-24 12:00:00', 3, 15, 2),
(1208, '2020-01-24 15:48:31', '2020-01-24 18:00:00', 1, 15, 7),
(1209, '2020-01-24 15:48:31', '2020-01-25 00:00:00', 1, 15, 17),
(1210, '2020-01-24 15:48:31', '2020-01-25 06:00:00', 1.2, 15, 1),
(1211, '2020-01-24 15:48:31', '2020-01-25 12:00:00', 1, 15, 1),
(1212, '2020-01-24 15:48:31', '2020-01-25 18:00:00', -1.7, 15, 17),
(1213, '2020-01-24 15:48:31', '2020-01-26 00:00:00', -1.7, 15, 17),
(1214, '2020-01-24 15:48:31', '2020-01-26 06:00:00', -1, 15, 1),
(1215, '2020-01-24 15:48:31', '2020-01-26 12:00:00', 2.8, 15, 7),
(1216, '2020-01-24 15:48:31', '2020-01-26 18:00:00', 3, 15, 8),
(1217, '2020-01-24 15:48:31', '2020-01-27 00:00:00', -0.9, 15, 2),
(1218, '2020-01-24 15:48:31', '2020-01-27 06:00:00', -4, 15, 2),
(1219, '2020-01-24 15:48:31', '2020-01-27 12:00:00', -5, 15, 2),
(1220, '2020-01-24 15:48:31', '2020-01-27 18:00:00', -6.1, 15, 1),
(1221, '2020-01-24 15:48:31', '2020-01-28 00:00:00', -3.9, 15, 1),
(1222, '2020-01-24 15:48:31', '2020-01-28 06:00:00', -3, 15, 1),
(1223, '2020-01-24 15:48:31', '2020-01-28 12:00:00', 0.6, 15, 1),
(1224, '2020-01-24 15:48:31', '2020-01-28 18:00:00', 0, 15, 1),
(1225, '2020-01-24 15:48:31', '2020-01-29 00:00:00', 1, 15, 1),
(1226, '2020-01-24 15:48:31', '2020-01-29 06:00:00', -0.4, 15, 1),
(1227, '2020-01-24 15:48:31', '2020-01-29 12:00:00', 1.1, 15, 1),
(1228, '2020-01-24 15:48:31', '2020-01-29 18:00:00', 1, 15, 2),
(1229, '2020-01-24 15:48:31', '2020-01-30 00:00:00', 0.1, 15, 1),
(1230, '2020-01-24 15:48:31', '2020-01-30 06:00:00', -1, 15, 1),
(1231, '2020-01-24 15:48:31', '2020-01-30 12:00:00', -1, 15, 1),
(1232, '2020-01-24 15:48:31', '2020-01-30 18:00:00', -1.7, 15, 2),
(1233, '2020-01-24 15:48:31', '2020-01-24 00:00:00', -5.2, 17, 1),
(1234, '2020-01-24 15:48:31', '2020-01-24 06:00:00', -8, 17, 1),
(1235, '2020-01-24 15:48:31', '2020-01-24 12:00:00', -7, 17, 1),
(1236, '2020-01-24 15:48:31', '2020-01-24 18:00:00', -9.1, 17, 2),
(1237, '2020-01-24 15:48:31', '2020-01-25 00:00:00', -9.4, 17, 1),
(1238, '2020-01-24 15:48:31', '2020-01-25 06:00:00', -4, 17, 1),
(1239, '2020-01-24 15:48:31', '2020-01-25 12:00:00', 1.2, 17, 1),
(1240, '2020-01-24 15:48:31', '2020-01-25 18:00:00', 0, 17, 1),
(1241, '2020-01-24 15:48:31', '2020-01-26 00:00:00', -0.6, 17, 1),
(1242, '2020-01-24 15:48:31', '2020-01-26 06:00:00', -2, 17, 1),
(1243, '2020-01-24 15:48:31', '2020-01-26 12:00:00', -3, 17, 1),
(1244, '2020-01-24 15:48:31', '2020-01-26 18:00:00', -4.7, 17, 1),
(1245, '2020-01-24 15:48:31', '2020-01-27 00:00:00', -5, 17, 1),
(1246, '2020-01-24 15:48:31', '2020-01-27 06:00:00', -5, 17, 1),
(1247, '2020-01-24 15:48:31', '2020-01-27 12:00:00', -0.5, 17, 1),
(1248, '2020-01-24 15:48:31', '2020-01-27 18:00:00', -7.4, 17, 2),
(1249, '2020-01-24 15:48:31', '2020-01-28 00:00:00', -14, 17, 17),
(1250, '2020-01-24 15:48:31', '2020-01-28 06:00:00', -15.7, 17, 2),
(1251, '2020-01-24 15:48:31', '2020-01-28 12:00:00', -12, 17, 2),
(1252, '2020-01-24 15:48:31', '2020-01-28 18:00:00', -10, 17, 1),
(1253, '2020-01-24 15:48:31', '2020-01-29 00:00:00', -8.7, 17, 1),
(1254, '2020-01-24 15:48:31', '2020-01-29 06:00:00', -7, 17, 1),
(1255, '2020-01-24 15:48:31', '2020-01-29 12:00:00', -2.7, 17, 1),
(1256, '2020-01-24 15:48:31', '2020-01-29 18:00:00', -3, 17, 1),
(1257, '2020-01-24 15:48:31', '2020-01-30 00:00:00', -2.8, 17, 2),
(1258, '2020-01-24 15:48:31', '2020-01-30 06:00:00', -1, 17, 2),
(1259, '2020-01-24 15:48:31', '2020-01-30 12:00:00', 1, 17, 1),
(1260, '2020-01-24 15:48:31', '2020-01-30 18:00:00', 1, 17, 1),
(1261, '2020-01-24 15:48:31', '2020-01-23 21:00:00', -6, 19, 1),
(1262, '2020-01-24 15:48:31', '2020-01-24 03:00:00', -6, 19, 1),
(1263, '2020-01-24 15:48:31', '2020-01-24 09:00:00', -4.8, 19, 1),
(1264, '2020-01-24 15:48:32', '2020-01-24 15:00:00', -10.1, 19, 1),
(1265, '2020-01-24 15:48:32', '2020-01-24 21:00:00', -11.5, 19, 2),
(1266, '2020-01-24 15:48:32', '2020-01-25 03:00:00', -11, 19, 1),
(1267, '2020-01-24 15:48:32', '2020-01-25 09:00:00', -9, 19, 1),
(1268, '2020-01-24 15:48:32', '2020-01-25 15:00:00', -4.5, 19, 1),
(1269, '2020-01-24 15:48:32', '2020-01-25 21:00:00', -5, 19, 2),
(1270, '2020-01-24 15:48:32', '2020-01-26 03:00:00', -6, 19, 1),
(1271, '2020-01-24 15:48:32', '2020-01-26 09:00:00', -3.7, 19, 1),
(1272, '2020-01-24 15:48:32', '2020-01-26 15:00:00', -6.8, 19, 1),
(1273, '2020-01-24 15:48:32', '2020-01-26 21:00:00', -10, 19, 1),
(1274, '2020-01-24 15:48:32', '2020-01-27 03:00:00', -11, 19, 1),
(1275, '2020-01-24 15:48:32', '2020-01-27 09:00:00', -9, 19, 1),
(1276, '2020-01-24 15:48:32', '2020-01-27 15:00:00', -14.7, 19, 1),
(1277, '2020-01-24 15:48:32', '2020-01-27 21:00:00', -17.1, 19, 17),
(1278, '2020-01-24 15:48:32', '2020-01-28 03:00:00', -22.4, 19, 17),
(1279, '2020-01-24 15:48:32', '2020-01-28 09:00:00', -20, 19, 17),
(1280, '2020-01-24 15:48:32', '2020-01-28 15:00:00', -22, 19, 2),
(1281, '2020-01-24 15:48:32', '2020-01-28 21:00:00', -22, 19, 2),
(1282, '2020-01-24 15:48:32', '2020-01-29 03:00:00', -18, 19, 2),
(1283, '2020-01-24 15:48:32', '2020-01-29 09:00:00', -12, 19, 1),
(1284, '2020-01-24 15:48:32', '2020-01-29 15:00:00', -9.3, 19, 1),
(1285, '2020-01-24 15:48:32', '2020-01-29 21:00:00', -8.2, 19, 1),
(1286, '2020-01-24 15:48:32', '2020-01-30 03:00:00', -4, 19, 1),
(1287, '2020-01-24 15:48:32', '2020-01-30 09:00:00', -2.1, 19, 1),
(1288, '2020-01-24 15:48:32', '2020-01-30 15:00:00', -2, 19, 1),
(1289, '2020-01-24 15:48:32', '2020-01-23 21:00:00', -6.6, 6, 2),
(1290, '2020-01-24 15:48:32', '2020-01-24 03:00:00', -2, 6, 2),
(1291, '2020-01-24 15:48:32', '2020-01-24 09:00:00', 0.4, 6, 2),
(1292, '2020-01-24 15:48:32', '2020-01-24 15:00:00', -1, 6, 1),
(1293, '2020-01-24 15:48:32', '2020-01-24 21:00:00', -1, 6, 2),
(1294, '2020-01-24 15:48:32', '2020-01-25 03:00:00', -2, 6, 2),
(1295, '2020-01-24 15:48:32', '2020-01-25 09:00:00', 0, 6, 2),
(1296, '2020-01-24 15:48:32', '2020-01-25 15:00:00', 0.2, 6, 2),
(1297, '2020-01-24 15:48:32', '2020-01-25 21:00:00', -0.5, 6, 17),
(1298, '2020-01-24 15:48:32', '2020-01-26 03:00:00', -3, 6, 2),
(1299, '2020-01-24 15:48:32', '2020-01-26 09:00:00', -3, 6, 1),
(1300, '2020-01-24 15:48:32', '2020-01-26 15:00:00', -11.4, 6, 17),
(1301, '2020-01-24 15:48:32', '2020-01-26 21:00:00', -13, 6, 17),
(1302, '2020-01-24 15:48:32', '2020-01-27 03:00:00', -13.6, 6, 17),
(1303, '2020-01-24 15:48:32', '2020-01-27 09:00:00', -6, 6, 17),
(1304, '2020-01-24 15:48:32', '2020-01-27 15:00:00', -13, 6, 17),
(1305, '2020-01-24 15:48:32', '2020-01-27 21:00:00', -11.9, 6, 17),
(1306, '2020-01-24 15:48:32', '2020-01-28 03:00:00', -7, 6, 17),
(1307, '2020-01-24 15:48:32', '2020-01-28 09:00:00', -3, 6, 2),
(1308, '2020-01-24 15:48:32', '2020-01-28 15:00:00', -5, 6, 1),
(1309, '2020-01-24 15:48:32', '2020-01-28 21:00:00', -7, 6, 1),
(1310, '2020-01-24 15:48:32', '2020-01-29 03:00:00', -9, 6, 1),
(1311, '2020-01-24 15:48:32', '2020-01-29 09:00:00', -4.3, 6, 1),
(1312, '2020-01-24 15:48:32', '2020-01-29 15:00:00', -9.4, 6, 1),
(1313, '2020-01-24 15:48:32', '2020-01-29 21:00:00', -10.9, 6, 1),
(1314, '2020-01-24 15:48:32', '2020-01-30 03:00:00', -14, 6, 1),
(1315, '2020-01-24 15:48:32', '2020-01-30 09:00:00', -15, 6, 1),
(1316, '2020-01-24 15:48:32', '2020-01-30 15:00:00', -19, 6, 2);

-- 
-- Restore previous SQL mode
-- 
/*!40101 SET SQL_MODE=@OLD_SQL_MODE */;

-- 
-- Enable foreign keys
-- 
/*!40014 SET FOREIGN_KEY_CHECKS=@OLD_FOREIGN_KEY_CHECKS */;